Sample,RT,mz,RTobs,dRT,mzobs,dppm,intensity,area,compound
SM-6JWO4,432.6,369.3519,437.520156,4.920155999999963,369.3515319824219,-1.299344512820785,122393.5,111322.2639546494,cholesterol
SM-6JWO4,420.0,385.3465,424.951014,4.951013999999987,385.3463134765625,-0.484040824275852,232574.3,310459.8982184446,cholestenone
SM-6JWO4,450.0,371.3583,445.00815,-4.99185,371.3589782714844,2.319530634267148,39636.65,38483.36500532791,coprostanol
SM-7CRWL,432.6,369.3519,437.520288,4.920287999999971,369.35125732421875,-0.968845840687245,117899.1,107047.0613298852,cholesterol
SM-7CRWL,420.0,385.3465,424.951152,4.951151999999979,385.3468933105469,1.680626910958838,398291.9,195480.4308275598,cholestenone
SM-7CRWL,450.0,371.3583,447.949914,-2.050086000000022,371.3589782714844,1.826461087282471,22234.09,23761.54349397643,coprostanol
SM-73BN6,432.6,369.3519,437.520042,4.920041999999967,369.3516540527344,-0.831138060682903,21694.09,76280.61454816983,cholesterol
SM-73BN6,420.0,385.3465,424.950912,4.950912000000017,385.34600830078125,-0.114463406122617,59066.55,147829.6988197801,cholestenone
SM-73BN6,450.0,371.3583,450.0,0.0,371.3583,0.0,0.0,0.0,coprostanol
SM-9PPUW,432.6,369.3519,434.310864,1.710863999999958,369.354736328125,8.38151242503952,104241.8,246427.7657505627,cholesterol
SM-9PPUW,420.0,385.3465,423.881238,3.881237999999996,385.34600830078125,-0.035268245079244,68987.91,214653.4277594638,cholestenone
SM-9PPUW,450.0,371.3583,445.008,-4.992000000000019,371.3583068847656,0.223985059582269,28950.22,0.0,coprostanol
SM-7IWFL,432.6,369.3519,437.520786,4.920785999999964,369.3514099121094,-0.941304284778717,65152.02,37035.00126094836,cholesterol
SM-7IWFL,420.0,385.3465,424.95165,4.951649999999972,385.34637451171875,-0.536837598255596,268667.7,277465.9915548051,cholestenone
SM-7IWFL,450.0,371.3583,445.54353,-4.456470000000024,371.3582458496094,-0.14581710065624,22437.62,48256.62865139607,coprostanol
SM-6X9WE,432.6,369.3519,437.253258,4.653257999999994,369.35107421875,-2.235757417250448,24443.68,85109.16809250876,cholesterol
SM-6X9WE,420.0,385.3465,424.9515,4.95150000000001,385.3464050292969,-0.272853728209362,70183.32,158279.9735363096,cholestenone
SM-6X9WE,450.0,371.3583,450.0,0.0,371.3583,0.0,0.0,0.0,coprostanol
SM-9WOBT,432.6,369.3519,427.892706,-4.707294000000047,369.3509216308594,-2.648880757417373,26605.75,0.0,cholesterol
SM-9WOBT,420.0,385.3465,424.950972,4.950971999999979,385.3465270996094,-0.536837598255596,110569.5,204770.0069440528,cholestenone
SM-9WOBT,450.0,371.3583,450.0,0.0,371.3583,0.0,0.0,0.0,coprostanol
SM-7IL14,432.6,369.3519,437.520708,4.920707999999991,369.351318359375,-1.271802956912257,135473.7,223948.975801208,cholesterol
SM-7IL14,420.0,385.3465,424.951584,4.951584000000025,385.3464660644531,-0.299252115125478,102592.7,147036.9626221053,cholestenone
SM-7IL14,450.0,371.3583,445.810962,-4.189037999999982,371.3581237792969,-0.474530131979358,24873.67,0.0,coprostanol
SM-71WXD,432.6,369.3519,437.520198,4.920197999999971,369.3515625,-0.638347168553705,104511.3,114798.7758819245,cholesterol
SM-71WXD,420.0,385.3465,424.951068,4.951068000000021,385.3460388183594,-0.536837598255596,93514.79,157585.6048091975,cholestenone
SM-71WXD,450.0,371.3583,445.54308,-4.456920000000025,371.35894775390625,1.744282829451692,25551.64,0.0,coprostanol
SM-7BF1T,432.6,369.3519,434.04324,1.443240000000003,369.3554992675781,9.854985671686185,67149.6,125693.4880404301,cholesterol
SM-7BF1T,420.0,385.3465,424.950738,4.950738000000001,385.3458557128906,-0.695227920342342,53518.41,133590.9944033861,cholestenone
SM-7BF1T,450.0,371.3583,445.00788,-4.99212,371.3581848144531,-0.351262745233189,26434.15,0.0,coprostanol
SM-A5QNE,432.6,369.3519,436.985298,4.385297999999978,369.35101318359375,-2.401006753317218,28023.39,33777.72951330775,cholesterol
SM-A5QNE,420.0,385.3465,424.95105,4.951050000000009,385.3464660644531,-0.035268245079244,145383.2,191867.622531333,cholestenone
SM-A5QNE,450.0,371.3583,450.0,0.0,371.3583,0.0,0.0,0.0,coprostanol
SM-6WU1I,432.6,369.3519,437.52051,4.920509999999979,369.352294921875,0.931521524080609,182207.0,206636.2790211699,cholesterol
SM-6WU1I,420.0,385.3465,424.951386,4.951386000000014,385.3465576171875,0.043926915964128,507674.7,379155.3943510356,cholestenone
SM-6WU1I,450.0,371.3583,445.008516,-4.991484000000014,371.35833740234375,-0.10472797174085,31269.69,46916.59898754566,coprostanol
SM-A312T,432.6,369.3519,432.974058,0.374057999999991,369.3555908203125,9.620882445540294,184955.0,559610.347421367,cholesterol
SM-A312T,420.0,385.3465,424.951188,4.951188000000002,385.3466491699219,0.387105947201247,214199.4,303717.1110050287,cholestenone
SM-A312T,450.0,371.3583,450.0,0.0,371.3583,0.0,0.0,0.0,coprostanol
SM-7ED9N,432.6,369.3519,433.776228,1.176227999999981,369.3553466796875,9.331696107423447,179471.6,582482.4064671264,cholesterol
SM-7ED9N,420.0,385.3465,424.951104,4.951103999999987,385.34619140625,-0.589634372382853,279365.3,185893.1089788566,cholestenone
SM-7ED9N,450.0,371.3583,445.810488,-4.189511999999979,371.3586730957031,-0.762154034387087,17444.83,11382.91802261141,coprostanol
SM-9QMN9,432.6,369.3519,437.52012,4.920119999999997,369.3514709472656,-0.968845840687245,102306.7,78180.81027283346,cholesterol
SM-9QMN9,420.0,385.3465,419.334984,-0.66501599999998,385.3467712402344,0.703886591374738,54313.6,228615.6153427096,cholestenone
SM-9QMN9,450.0,371.3583,445.275498,-4.724501999999973,371.35809326171875,-0.556708389810138,37329.04,53877.99919669819,coprostanol
SM-72ZHG,432.6,369.3519,435.915906,3.315905999999984,369.3555908203125,9.992693451690526,307475.4,351876.1208688268,cholesterol
SM-72ZHG,420.0,385.3465,424.951404,4.951404000000025,385.34649658203125,0.202317238050874,135352.5,183475.5568816722,cholestenone
SM-72ZHG,450.0,371.3583,446.345664,-3.654336000000001,371.3584899902344,0.511608961989997,17441.7,0.0,coprostanol
SM-AVPGV,432.6,369.3519,433.77675,1.17674999999997,369.3517150878906,-1.079012064783058,18160.38,63742.62023968311,cholesterol
SM-AVPGV,420.0,385.3465,424.95162,4.951619999999991,385.3462829589844,-0.19365856716599,75647.31,128748.5180514839,cholestenone
SM-AVPGV,450.0,371.3583,450.0,0.0,371.3583,0.0,0.0,0.0,coprostanol
SM-B58G1,432.6,369.3519,436.985436,4.38543599999997,369.3514709472656,-0.335390052482594,20133.2,43987.82671563239,cholesterol
SM-B58G1,420.0,385.3465,424.951182,4.951182000000017,385.34661865234375,0.25511401217813,98027.19,127880.5911925798,cholestenone
SM-B58G1,450.0,371.3583,450.0,0.0,371.3583,0.0,0.0,0.0,coprostanol
SM-9W3AD,432.6,369.3519,428.69505,-3.904950000000042,369.350830078125,-2.896754761517527,15048.03,52971.16201542512,cholesterol
SM-9W3AD,420.0,385.3465,419.067672,-0.932327999999984,385.3466491699219,-0.536837598255596,49865.7,167652.7310881115,cholestenone
SM-9W3AD,450.0,371.3583,450.0,0.0,371.3583,0.0,0.0,0.0,coprostanol
PREFA02,432.6,369.3519,437.520102,4.920101999999986,369.351318359375,-1.574760072983368,160846.8,164388.7994978808,cholesterol
PREFA02,420.0,385.3465,424.950972,4.950971999999979,385.34625244140625,-0.563235985319225,1500589.0,582151.9489449679,cholestenone
PREFA02,450.0,371.3583,445.27548,-4.724519999999984,371.3581237792969,-0.474530131979358,23111.16,0.0,coprostanol
PREFB02,432.6,369.3519,427.625898,-4.974102000000016,369.35113525390625,-2.60756842340068,41279.2,20562.21821908582,cholesterol
PREFB02,420.0,385.3465,422.277396,2.27739600000001,385.3467712402344,0.545496269287993,75918.1,299182.0511771088,cholestenone
PREFB02,450.0,371.3583,445.54353,-4.456470000000024,371.35736083984375,-2.528986577748848,20397.0,0.0,coprostanol
SM-9ZEPA,432.6,369.3519,436.450692,3.850691999999981,369.3511047363281,-2.153132749217063,16748.86,35295.81295765734,cholesterol
SM-9ZEPA,420.0,385.3465,422.811798,2.81179800000001,385.3463439941406,-0.404845663232479,46581.55,174232.9780203017,cholestenone
SM-9ZEPA,450.0,371.3583,450.0,0.0,371.3583,0.0,0.0,0.0,coprostanol
SM-9QVK2,432.6,369.3519,429.230166,-3.369834000000026,369.3509216308594,-2.648880757417373,19258.4,0.0,cholesterol
SM-9QVK2,420.0,385.3465,421.74216,1.742160000000013,385.34649658203125,0.281512399094246,67223.56,227031.9996863892,cholestenone
SM-9QVK2,450.0,371.3583,450.0,0.0,371.3583,0.0,0.0,0.0,coprostanol
SM-A7J1X,432.6,369.3519,437.519658,4.91965799999997,369.3511047363281,-2.153132749217063,20935.03,40166.16925281174,cholesterol
SM-A7J1X,420.0,385.3465,418.799772,-1.200227999999981,385.3460998535156,-0.484040824275852,55864.5,197668.9536692514,cholestenone
SM-A7J1X,450.0,371.3583,450.0,0.0,371.3583,0.0,0.0,0.0,coprostanol
SM-AFCKH,432.6,369.3519,434.845998,2.245997999999986,369.3514404296875,-1.244261400849828,21424.15,43273.9983273491,cholesterol
SM-AFCKH,420.0,385.3465,424.951116,4.951116000000013,385.3465881347656,-0.140861793038733,63876.01,122729.2640036171,cholestenone
SM-AFCKH,450.0,371.3583,450.0,0.0,371.3583,0.0,0.0,0.0,coprostanol
SM-6CAJC,432.6,369.3519,431.369178,-1.230822000000046,369.3513488769531,-1.492135404949983,19215.41,69584.23086496556,cholesterol
SM-6CAJC,420.0,385.3465,424.14855,4.14855,385.346923828125,-0.246455341145734,29281.26,108698.0491988586,cholestenone
SM-6CAJC,450.0,371.3583,445.275438,-4.724561999999992,371.3579406738281,-0.967599678964035,18325.44,0.0,coprostanol
SM-7HXJO,432.6,369.3519,437.520468,4.920467999999971,369.3516845703125,-0.913762728716289,27254.16,77614.7284787194,cholesterol
SM-7HXJO,420.0,385.3465,422.277084,2.277084000000002,385.3463439941406,0.109922883549443,32186.63,153001.5579394243,cholestenone
SM-7HXJO,450.0,371.3583,450.0,0.0,371.3583,0.0,0.0,0.0,coprostanol
SM-6ZEU8,432.6,369.3519,437.520756,4.920755999999983,369.3517761230469,-0.252765384449209,23689.59,81245.13119691196,cholesterol
SM-6ZEU8,420.0,385.3465,423.079626,3.079626000000019,385.3460693359375,-0.959211790536088,45091.71,170808.3533081604,cholestenone
SM-6ZEU8,450.0,371.3583,445.543512,-4.456487999999979,371.3587951660156,1.333391540297793,21438.85,14397.4393981228,coprostanol
SM-77FXR,432.6,369.3519,437.520684,4.920683999999994,369.3506164550781,-2.235757417250448,112209.3,120547.2919262117,cholesterol
SM-77FXR,420.0,385.3465,421.475046,1.47504600000002,385.34637451171875,-0.536837598255596,50797.4,173777.2156691438,cholestenone
SM-77FXR,450.0,371.3583,445.008684,-4.991315999999983,371.3583068847656,0.01853941500532,38756.06,60748.7098672795,coprostanol
SM-5Q4W7,432.6,369.3519,437.520306,4.920305999999982,369.35174560546875,-0.418014720515979,22778.59,59786.87690196667,cholesterol
SM-5Q4W7,420.0,385.3465,423.614052,3.614052000000015,385.3464660644531,-1.117602112622833,66496.17,143664.155165352,cholestenone
SM-5Q4W7,450.0,371.3583,450.0,0.0,371.3583,0.0,0.0,0.0,coprostanol
SM-5ZNHM,432.6,369.3519,437.520234,4.920233999999994,369.350830078125,-1.905258745116908,18031.1,53211.32573493212,cholesterol
SM-5ZNHM,420.0,385.3465,420.939726,0.939726000000007,385.3465576171875,-0.352048889252735,50683.87,199191.9521946223,cholestenone
SM-5ZNHM,450.0,371.3583,445.275612,-4.724387999999976,371.3585205078125,0.593787219820777,20378.51,0.0,coprostanol
SM-6KUCT,432.6,369.3519,436.718022,4.118021999999996,369.35162353515625,-0.748513392649519,19064.66,29000.14221459127,cholesterol
SM-6KUCT,420.0,385.3465,419.33526,-0.664739999999995,385.3464050292969,-0.602833565840911,46604.81,194081.4950692733,cholestenone
SM-6KUCT,450.0,371.3583,450.0,0.0,371.3583,0.0,0.0,0.0,coprostanol
SM-9SKIL,432.6,369.3519,437.520366,4.920366000000001,369.351806640625,-1.533447738966676,23950.53,74589.73790259442,cholesterol
SM-9SKIL,420.0,385.3465,424.951356,4.951355999999976,385.3461608886719,-0.589634372382853,490815.5,232486.7275136384,cholestenone
SM-9SKIL,450.0,371.3583,454.903254,4.903254000000004,371.3571472167969,-1.871560515102611,12399.19,0.0,coprostanol
SM-ACTOF,432.6,369.3519,433.776444,1.176444000000004,369.3525695800781,1.812851316385415,26373.51,132834.9720227398,cholesterol
SM-ACTOF,420.0,385.3465,424.951314,4.951314000000025,385.3463439941406,-0.853618242429087,262389.7,247538.1997720112,cholestenone
SM-ACTOF,450.0,371.3583,454.903206,4.903206000000012,371.3580627441406,-1.241527205117657,72072.81,13004.24808374947,coprostanol
SM-A7J1L,432.6,369.3519,437.520246,4.920245999999963,369.3514099121094,-1.354427624945642,196986.0,136694.677034505,cholesterol
SM-A7J1L,420.0,385.3465,424.951098,4.951098000000002,385.34625244140625,-0.457642437212224,1988249.0,779222.2490445625,cholestenone
SM-A7J1L,450.0,371.3583,445.275606,-4.724394000000018,371.3580017089844,-0.721064905471697,145315.4,173297.4098316369,coprostanol
SM-A5A1R,432.6,369.3519,437.429748,4.829747999999995,369.3511657714844,-2.015424969212722,157819.9,140970.4776928897,cholesterol
SM-A5A1R,420.0,385.3465,424.86075,4.860749999999996,385.3459777832031,-1.012008564515832,323456.7,356134.1848751507,cholestenone
SM-A5A1R,450.0,371.3583,445.987512,-4.012488000000019,371.35772705078125,0.429430704159218,35935.55,75930.50500009552,coprostanol
SM-9XIOJ,432.6,369.3519,437.520504,4.920503999999994,369.35150146484375,-1.354427624945642,134043.7,129787.776228852,cholesterol
SM-9XIOJ,420.0,385.3465,424.951374,4.951373999999987,385.3463134765625,-0.668829533426226,703225.8,331161.2753240473,cholestenone
SM-9XIOJ,450.0,371.3583,445.00851,-4.991489999999999,371.35821533203125,-0.638886647640917,98323.57,119098.3468429445,coprostanol
SM-7DGUW,432.6,369.3519,437.51997,4.919969999999978,369.3512268066406,-1.905258745116908,196346.1,161142.0681276806,cholesterol
SM-7DGUW,420.0,385.3465,424.950954,4.950954000000024,385.3462219238281,-0.906415016556344,740954.6,395618.2232407219,cholestenone
SM-7DGUW,450.0,371.3583,445.275468,-4.724532000000011,371.3585205078125,-0.58410114247142,36987.88,115099.1674781594,coprostanol
SM-7IWEO,432.6,369.3519,429.764832,-2.83516800000001,369.3506164550781,-3.475127437751222,18615.98,79017.51657572706,cholesterol
SM-7IWEO,420.0,385.3465,422.009448,2.00944800000002,385.3466491699219,-0.431244050296108,74075.58,288113.0468314313,cholestenone
SM-7IWEO,450.0,371.3583,450.0,0.0,371.3583,0.0,0.0,0.0,coprostanol
SM-9Y4AC,432.6,369.3519,436.183422,3.583421999999985,369.35113525390625,-2.070508081183678,31399.47,103072.0517818077,cholesterol
SM-9Y4AC,420.0,385.3465,424.951416,4.951415999999995,385.346435546875,-0.642431146362597,105672.0,200797.029624193,cholestenone
SM-9Y4AC,450.0,371.3583,450.0,0.0,371.3583,0.0,0.0,0.0,coprostanol
SM-76C9O,432.6,369.3519,437.519856,4.919855999999982,369.35125732421875,-1.657384741016753,371432.0,234185.9166270983,cholesterol
SM-76C9O,420.0,385.3465,424.950726,4.950725999999975,385.3461608886719,-1.012008564515832,928228.3,441033.81846669,cholestenone
SM-76C9O,450.0,371.3583,446.077614,-3.922386000000017,371.35791015625,-1.049777936794815,77914.4,167609.2061067424,coprostanol
PREFA03,432.6,369.3519,437.520636,4.920636000000002,369.3515319824219,-1.023928952812102,39357.02,102109.21165975,cholesterol
PREFA03,420.0,385.3465,424.951506,4.951505999999995,385.3456115722656,-1.24959404764595,176173.2,267636.9583483751,cholestenone
PREFA03,450.0,371.3583,450.0,0.0,371.3583,0.0,0.0,0.0,coprostanol
PREFB03,432.6,369.3519,436.901268,4.301267999999993,369.3537292480469,0.408231959817871,24409.04,76676.46247678126,cholesterol
PREFB03,420.0,385.3465,424.867014,4.867013999999983,385.3460693359375,-0.616032759298969,94943.71,197815.5568004176,cholestenone
PREFB03,450.0,371.3583,445.191522,-4.80847799999998,371.35833740234375,0.223985059582269,35857.67,0.0,coprostanol
SM-7CP34,432.6,369.3519,437.520426,4.920425999999964,369.3513488769531,-1.519676961012412,192330.4,165070.8092586894,cholesterol
SM-7CP34,420.0,385.3465,424.951296,4.951296000000014,385.345947265625,-1.407984369732696,3339936.0,1231824.787880852,cholestenone
SM-7CP34,450.0,371.3583,454.903188,4.903188,371.35797119140625,-0.775850410641194,190573.2,40404.69800322776,coprostanol
SM-9PJ1E,432.6,369.3519,437.5206,4.920599999999979,369.35137939453125,-1.437052292979027,76620.51,125235.7867323461,cholesterol
SM-9PJ1E,420.0,385.3465,424.951458,4.951458000000002,385.3460693359375,-1.144000499686461,1177866.0,537867.831405387,cholestenone
SM-9PJ1E,450.0,371.3583,454.903476,4.903476000000012,371.3584289550781,-0.994992431625319,78908.25,18687.29365251523,coprostanol
SM-9RTV8,432.6,369.3519,437.520474,4.920473999999956,369.3511962890625,-2.318382085283833,162304.3,210686.5260083223,cholesterol
SM-9RTV8,420.0,385.3465,424.951332,4.951331999999979,385.3459777832031,-1.170398886602577,80982.43,185695.4018417619,cholestenone
SM-9RTV8,450.0,371.3583,445.275852,-4.724148000000014,371.357666015625,-1.748293128356442,33088.52,29391.17054777418,coprostanol
SM-6ZKSA,432.6,369.3519,437.520378,4.920377999999971,369.3512878417969,-2.235757417250448,72024.02,62125.8530358482,cholesterol
SM-6ZKSA,420.0,385.3465,424.951248,4.951248000000021,385.3460693359375,-0.72162630740597,85204.03,138099.7274356353,cholestenone
SM-6ZKSA,450.0,371.3583,450.0,0.0,371.3583,0.0,0.0,0.0,coprostanol
SM-791B7,432.6,369.3519,432.973968,0.373967999999991,369.35491943359375,8.87726043323983,35038.75,168256.2801806285,cholesterol
SM-791B7,420.0,385.3465,419.335086,-0.66491400000001,385.3466796875,-0.220056954082106,50904.38,176110.0355779749,cholestenone
SM-791B7,450.0,371.3583,450.0,0.0,371.3583,0.0,0.0,0.0,coprostanol
SM-A373R,432.6,369.3519,430.032336,-2.567664000000036,369.35076904296875,-3.062004097584297,14657.86,0.0,cholesterol
SM-A373R,420.0,385.3465,417.730572,-2.269428000000005,385.346435546875,0.387105947201247,53472.64,161645.1136718153,cholestenone
SM-A373R,450.0,371.3583,450.0,0.0,371.3583,0.0,0.0,0.0,coprostanol
SM-7M8SE,432.6,369.3519,432.706854,0.106853999999998,369.35443115234375,6.852956066421899,17411.06,40468.53592595753,cholesterol
SM-7M8SE,420.0,385.3465,418.533216,-1.466784000000018,385.3455810546875,-1.777561788033443,50250.2,173858.9694944391,cholestenone
SM-7M8SE,450.0,371.3583,450.0,0.0,371.3583,0.0,0.0,0.0,coprostanol
SM-7GYIA,432.6,369.3519,437.520804,4.920803999999976,369.3509521484375,-2.345923641346261,31247.6,23233.93475981852,cholesterol
SM-7GYIA,420.0,385.3465,419.870544,-0.129456000000005,385.345947265625,-0.365248082710793,55526.86,239351.4378162656,cholestenone
SM-7GYIA,450.0,371.3583,445.008816,-4.991183999999976,371.3572082519531,-2.364630062087289,26707.08,48209.10856828115,coprostanol
SM-9OS8G,432.6,369.3519,437.520234,4.920233999999994,369.3512268066406,-1.850175633145952,161750.8,139884.7409234343,cholesterol
SM-9OS8G,420.0,385.3465,424.951236,4.951235999999994,385.3459777832031,-1.539976304903325,434217.1,234537.7601205617,cholestenone
SM-9OS8G,450.0,371.3583,445.00824,-4.991759999999999,371.3578186035156,-1.296312710287154,23046.99,29198.36502940413,coprostanol
SM-7BP5C,432.6,369.3519,437.520552,4.920551999999987,369.35089111328125,-2.098049637246106,172920.5,96317.67592051854,cholesterol
SM-7BP5C,420.0,385.3465,424.951422,4.95142199999998,385.34600830078125,-1.381585982816579,1329728.0,471952.2131424966,cholestenone
SM-7BP5C,450.0,371.3583,450.0,0.0,371.3583,0.0,0.0,0.0,coprostanol
SM-A62BX,432.6,369.3519,437.520174,4.920173999999975,369.3510437011719,-2.759046981513186,557823.0,190649.9850474438,cholesterol
SM-A62BX,420.0,385.3465,424.95105,4.951050000000009,385.345703125,-1.619171465946697,87717.37,143964.1509379944,cholestenone
SM-A62BX,450.0,371.3583,445.00818,-4.991820000000018,371.3577880859375,-1.049777936794815,28266.69,22136.06274334022,coprostanol
SM-9WOBP,432.6,369.3519,435.915786,3.315786000000003,369.3507080078125,-3.227253433651068,14627.86,14359.3553658872,cholesterol
SM-9WOBP,420.0,385.3465,416.39352,-3.606479999999976,385.3463439941406,-0.404845663232479,50039.98,131833.7765217806,cholestenone
SM-9WOBP,450.0,371.3583,450.0,0.0,371.3583,0.0,0.0,0.0,coprostanol
SM-7H4HL,432.6,369.3519,437.520384,4.920383999999956,369.3510437011719,-2.401006753317218,748510.1,339795.4763427706,cholesterol
SM-7H4HL,420.0,385.3465,424.951242,4.951241999999979,385.34600830078125,-1.24959404764595,4695470.0,2747181.673253363,cholestenone
SM-7H4HL,450.0,371.3583,454.368258,4.368258000000026,371.3577575683594,-1.460669225948713,30326.6,34504.28692301158,coprostanol
SM-71WXX,432.6,369.3519,437.520372,4.920371999999986,369.3511962890625,-2.015424969212722,92643.16,55462.00726280206,cholesterol
SM-71WXX,420.0,385.3465,423.346626,3.346626000000015,385.345947265625,-1.513577917839696,90587.39,354345.9753665404,cholestenone
SM-71WXX,450.0,371.3583,445.008378,-4.991622000000007,371.3576965332031,-0.803243163302476,87293.23,69268.2638204018,coprostanol
SM-7H4GS,432.6,369.3519,434.043822,1.443821999999955,369.3553771972656,8.959885101273215,148192.3,468094.2741842081,cholesterol
SM-7H4GS,420.0,385.3465,415.858698,-4.141301999999996,385.3459167480469,-1.513577917839696,77213.34,186638.6834655759,cholestenone
SM-7H4GS,450.0,371.3583,445.275702,-4.724297999999976,371.3576354980469,-2.090702535933667,112595.7,74002.91835292999,coprostanol
SM-AADL1,432.6,369.3519,433.776672,1.176671999999996,369.35125732421875,-1.740009409050138,16516.87,107201.4532426232,cholesterol
SM-AADL1,420.0,385.3465,421.742418,1.742417999999987,385.34588623046875,-1.275992434709578,57395.26,207184.8321585997,cholestenone
SM-AADL1,450.0,371.3583,445.008678,-4.991322000000025,371.3577575683594,-1.323705462948437,60349.01,37894.42070861287,coprostanol
SM-9YHLB,432.6,369.3519,427.625472,-4.974528000000021,369.3512268066406,-1.822634077083523,22634.19,35279.35747607793,cholesterol
SM-9YHLB,420.0,385.3465,420.672342,0.672342000000015,385.3460998535156,-0.444443243754166,109909.7,299966.8927003081,cholestenone
SM-9YHLB,450.0,371.3583,445.008252,-4.991747999999973,371.358642578125,0.922500251143895,27882.99,0.0,coprostanol
SM-9OS7Z,432.6,369.3519,428.694918,-3.90508200000005,369.3507385253906,-3.144628765617683,19521.93,0.0,cholesterol
SM-9OS7Z,420.0,385.3465,417.997782,-2.002218000000028,385.34576416015625,-2.6619077529686,45848.75,164712.9910412457,cholestenone
SM-9OS7Z,450.0,371.3583,446.61255,-3.387450000000001,371.35711669921875,-3.186412640395085,12745.86,0.0,coprostanol
SM-BYMCC,432.6,369.3519,437.25285,4.652850000000001,369.3515319824219,-1.602301629045797,98310.25,181184.7329655649,cholesterol
SM-BYMCC,420.0,385.3465,424.951206,4.951206000000013,385.3459167480469,-1.645569852862813,728058.4,622697.2889993455,cholestenone
SM-BYMCC,450.0,371.3583,450.0,0.0,371.3583,0.0,0.0,0.0,coprostanol
SM-CQEDG,432.6,369.3519,435.648252,3.048251999999991,369.3507080078125,-3.062004097584297,121791.6,397952.7078040441,cholesterol
SM-CQEDG,420.0,385.3465,424.951122,4.951121999999998,385.3460388183594,-1.144000499686461,3355197.0,1735474.003410427,cholestenone
SM-CQEDG,450.0,371.3583,454.903008,4.903008,371.3576354980469,-1.844167762441328,2315879.0,731278.7581267908,coprostanol
PREFA04,432.6,369.3519,435.113412,2.51341199999996,369.35198974609375,0.132816399655288,76757.11,190778.7637800816,cholesterol
PREFA04,420.0,385.3465,424.951158,4.951158000000021,385.345947265625,-1.539976304903325,277999.6,401748.4446332421,cholestenone
PREFA04,450.0,371.3583,450.0,0.0,371.3583,0.0,0.0,0.0,coprostanol
PREFB04,432.6,369.3519,428.427504,-4.172496000000024,369.35040283203125,-4.053500113984917,55067.13,122362.1121822947,cholesterol
PREFB04,420.0,385.3465,424.951014,4.951013999999987,385.3459777832031,-1.803960174949559,105655.8,255089.7373262191,cholestenone
PREFB04,450.0,371.3583,445.542888,-4.457111999999995,371.3577880859375,-0.186906229571629,24634.48,34364.86751634465,coprostanol
SM-CLM5L,432.6,369.3519,436.450626,3.850625999999977,369.3511962890625,-1.740009409050138,148466.9,193996.5907720207,cholesterol
SM-CLM5L,420.0,385.3465,424.951254,4.951254000000006,385.34600830078125,-1.434382756796324,12704100.0,4184796.877863776,cholestenone
SM-CLM5L,450.0,371.3583,454.90314,4.903140000000008,371.3578186035156,-1.844167762441328,639110.2,172465.874447458,coprostanol
SM-AN5FR,432.6,369.3519,434.310798,1.710797999999954,369.3549499511719,8.560532539060555,138498.6,366898.4124857399,cholesterol
SM-AN5FR,420.0,385.3465,420.672042,0.672041999999976,385.34613037109375,-0.853618242429087,84857.53,387312.1588918878,cholestenone
SM-AN5FR,450.0,371.3583,450.0,0.0,371.3583,0.0,0.0,0.0,coprostanol
SM-ARWVG,432.6,369.3519,437.520222,4.920221999999967,369.3509826660156,-2.566256089383988,216624.0,276948.04950474,cholesterol
SM-ARWVG,420.0,385.3465,424.951098,4.951098000000002,385.3457336425781,-2.015147271163561,1025594.0,652726.8638529339,cholestenone
SM-ARWVG,450.0,371.3583,445.008228,-4.991772000000026,371.3578186035156,-0.994992431625319,281501.5,209361.9577596977,coprostanol
SM-AHF2E,432.6,369.3519,437.520042,4.920041999999967,369.3514404296875,-1.54721851692094,79542.88,141765.8582760176,cholesterol
SM-AHF2E,420.0,385.3465,421.741794,1.741794000000027,385.34649658203125,-0.563235985319225,137249.0,534210.7943746673,cholestenone
SM-AHF2E,450.0,371.3583,445.008048,-4.991952000000026,371.357421875,-1.625025741610273,94805.05,107768.0376104083,coprostanol
SM-7EDA8,432.6,369.3519,427.892748,-4.70725200000004,369.350341796875,-4.218749450051687,31930.37,120062.8698846681,cholesterol
SM-7EDA8,420.0,385.3465,422.00937,2.00936999999999,385.3458557128906,-1.196797273666206,112603.5,524408.3140068376,cholestenone
SM-7EDA8,450.0,371.3583,445.543008,-4.456992000000014,371.3571472167969,-3.104234382564305,14341.87,11258.99794419733,coprostanol
SM-A1ZUY,432.6,369.3519,436.985244,4.385244,369.3511047363281,-2.111820415200371,58064.9,124799.3344506871,cholesterol
SM-A1ZUY,420.0,385.3465,421.206984,1.206983999999977,385.34625244140625,-1.539976304903325,88029.8,353286.8823078515,cholestenone
SM-A1ZUY,450.0,371.3583,445.008,-4.992000000000019,371.3578796386719,-1.488061978609996,38342.1,39678.71296106355,coprostanol
SM-7KMR8,432.6,369.3519,431.1018,-1.498199999999997,369.3502502441406,-4.09481244800161,33801.18,96284.01382777064,cholesterol
SM-7KMR8,420.0,385.3465,423.346302,3.34630199999998,385.3460388183594,-1.724765013906186,91102.84,380572.7534539333,cholestenone
SM-7KMR8,450.0,371.3583,454.36794,4.367939999999976,371.3570251464844,-3.432947413887423,12253.42,0.0,coprostanol
SM-ACTNY,432.6,369.3519,434.578392,1.978391999999985,369.35101318359375,-2.401006753317218,30249.01,132840.6670108977,cholesterol
SM-ACTNY,420.0,385.3465,418.53276,-1.467240000000004,385.34588623046875,-1.883155335992931,88430.93,357683.2313288091,cholestenone
SM-ACTNY,450.0,371.3583,450.0,0.0,371.3583,0.0,0.0,0.0,coprostanol
SM-791B3,432.6,369.3519,437.252688,4.652687999999955,369.35040283203125,-4.053500113984917,39729.55,81849.33390866512,cholesterol
SM-791B3,420.0,385.3465,423.613932,3.613931999999977,385.3457946777344,-1.645569852862813,113860.0,337312.8378734157,cholestenone
SM-791B3,450.0,371.3583,450.089214,0.089214000000027,371.3570556640625,-3.350769156056644,38991.24,120279.070795993,coprostanol
SM-9OS5Y,432.6,369.3519,437.519958,4.919957999999951,369.35052490234375,-3.254794989713496,56840.25,55865.92130317036,cholesterol
SM-9OS5Y,420.0,385.3465,422.811444,2.811443999999995,385.34576416015625,-1.407984369732696,80693.9,303865.5165852793,cholestenone
SM-9OS5Y,450.0,371.3583,445.27533,-4.724670000000003,371.3575439453125,-1.351098215456651,37680.03,101541.8385508595,coprostanol
SM-71WX9,432.6,369.3519,430.30005,-2.299950000000024,369.349365234375,-6.862738827120006,48998.51,234222.2700250666,cholesterol
SM-71WX9,420.0,385.3465,421.474914,1.474914000000013,385.3455810546875,-2.807098881597287,84404.68,371498.4339072311,cholestenone
SM-71WX9,450.0,371.3583,445.543428,-4.456571999999994,371.358154296875,-0.392351874148578,17827.6,0.0,coprostanol
SM-9JUD6,432.6,369.3519,435.647976,3.047976000000006,369.3512268066406,-1.602301629045797,64413.97,113550.076963368,cholesterol
SM-9JUD6,420.0,385.3465,422.276598,2.276597999999979,385.3455810546875,-2.833497268513403,119668.1,512290.758416944,cholestenone
SM-9JUD6,450.0,371.3583,445.007856,-4.992143999999996,371.3572998046875,-1.570240236440776,88918.85,80666.13587456141,coprostanol
SM-A5QN2,432.6,369.3519,436.717188,4.117187999999999,369.3501892089844,-4.714497458251997,88806.95,165367.2488837754,cholesterol
SM-A5QN2,420.0,385.3465,424.950438,4.95043800000002,385.34527587890625,-3.361465008900896,191201.2,439854.4316191109,cholestenone
SM-A5QN2,450.0,371.3583,445.274946,-4.725054,371.3577575683594,-1.460669225948713,28212.37,0.0,coprostanol
SM-9VW8X,432.6,369.3519,435.380298,2.780297999999959,369.3506774902344,-4.507935788168535,22088.44,71954.69334186077,cholesterol
SM-9VW8X,420.0,385.3465,423.346032,3.34603199999998,385.3456726074219,-2.780700494533659,87047.13,335626.1960945962,cholestenone
SM-9VW8X,450.0,371.3583,447.949416,-2.050584000000015,371.35638427734375,-5.158690828333795,13168.03,0.0,coprostanol
SM-7CP2Z,432.6,369.3519,437.519862,4.919861999999966,369.3503723144531,-4.163666338080731,125935.3,140548.2085034468,cholesterol
SM-7CP2Z,420.0,385.3465,424.950738,4.950738000000001,385.3450622558594,-3.783839201033875,231691.1,262936.05716931,cholestenone
SM-7CP2Z,450.0,371.3583,445.007868,-4.992132000000026,371.3583679199219,0.182895930666879,22108.77,0.0,coprostanol
SM-7GYHH,432.6,369.3519,436.182852,3.582852000000003,369.3505554199219,-4.342686452101765,110723.4,168826.5936091885,cholesterol
SM-7GYHH,420.0,385.3465,424.950852,4.950851999999998,385.34527587890625,-3.123879525770778,659335.8,1392102.844165785,cholestenone
SM-7GYHH,450.0,371.3583,445.81023,-4.18977000000001,371.3570251464844,-3.432947413887423,51288.74,0.0,coprostanol
SM-9PJ16,432.6,369.3519,432.706482,0.106481999999971,369.349609375,-6.201741482852927,26543.25,177479.4294426946,cholesterol
SM-9PJ16,420.0,385.3465,417.997974,-2.002026000000001,385.34539794921875,-3.519855330987641,87087.37,327045.8669519885,cholestenone
SM-9PJ16,450.0,371.3583,450.0,0.0,371.3583,0.0,0.0,0.0,coprostanol
SM-AGUN5,432.6,369.3519,430.833918,-1.76608200000004,369.35028076171875,-4.383998786118457,24204.22,152458.7753095343,cholesterol
SM-AGUN5,420.0,385.3465,422.811036,2.811036000000001,385.3450012207031,-3.651847266010758,58393.3,188181.2895161452,cholestenone
SM-AGUN5,450.0,371.3583,450.0,0.0,371.3583,0.0,0.0,0.0,coprostanol
SM-9W7W8,432.6,369.3519,434.578392,1.978391999999985,369.3498229980469,-6.738801825069928,28778.22,105651.4142191228,cholesterol
SM-9W7W8,420.0,385.3465,415.858506,-4.141494000000023,385.3456726074219,-2.859895655577031,72155.46,183602.4377598383,cholestenone
SM-9W7W8,450.0,371.3583,450.0,0.0,371.3583,0.0,0.0,0.0,coprostanol
SM-A9VSE,432.6,369.3519,434.043924,1.443923999999981,369.3499450683594,-5.788618142686001,26034.4,108789.3745421891,cholesterol
SM-A9VSE,420.0,385.3465,423.614172,3.614171999999996,385.3450012207031,-5.605327905031446,60172.44,189341.1142683904,cholestenone
SM-A9VSE,450.0,371.3583,450.0,0.0,371.3583,0.0,0.0,0.0,coprostanol
PREFA05,432.6,369.3519,437.520234,4.920233999999994,369.35015869140625,-4.521706566122798,160283.1,141943.5981571049,cholesterol
PREFA05,420.0,385.3465,424.951104,4.951103999999987,385.3453063964844,-3.071082751643521,674661.4,392200.7089845468,cholestenone
PREFA05,450.0,371.3583,445.543104,-4.456895999999972,371.3570251464844,-3.432947413887423,20613.85,0.0,coprostanol
PREFB05,432.6,369.3519,437.52048,4.920479999999998,369.3502502441406,-4.136124782018302,102825.7,134875.3516673746,cholesterol
PREFB05,420.0,385.3465,424.95135,4.951349999999991,385.3450622558594,-3.836635975161132,433650.1,298030.8437962794,cholestenone
PREFB05,450.0,371.3583,447.68274,-2.317259999999976,371.3568115234375,-4.008195218702881,17992.61,0.0,coprostanol
SM-6BKS1,432.6,369.3519,437.519694,4.919693999999993,369.3503112792969,-4.301374118085072,180914.2,123720.4777313261,cholesterol
SM-6BKS1,420.0,385.3465,424.950564,4.950563999999986,385.34515380859375,-3.335066621837267,98198.3,205575.4834544119,cholestenone
SM-6BKS1,450.0,371.3583,450.0,0.0,371.3583,0.0,0.0,0.0,coprostanol
SM-74Y7D,432.6,369.3519,437.253282,4.65328199999999,369.34991455078125,-3.805626109884762,18794.08,56857.13940469315,cholesterol
SM-74Y7D,420.0,385.3465,420.67278,0.672779999999989,385.3451843261719,-2.543115011403541,52016.39,223066.0531758804,cholestenone
SM-74Y7D,450.0,371.3583,445.008666,-4.991333999999995,371.3570251464844,-2.980966995818136,18709.36,31502.33598828491,coprostanol
SM-7H4H1,432.6,369.3519,437.25444,4.654439999999966,369.35015869140625,-5.237787022514735,69709.77,92897.86769281243,cholesterol
SM-7H4H1,420.0,385.3465,419.06931,-0.930690000000027,385.34515380859375,-2.147139206186678,54833.11,223431.5108001762,cholestenone
SM-7H4H1,450.0,371.3583,445.009818,-4.990182000000004,371.35748291015625,-2.652253964495017,29475.46,26294.8707168018,coprostanol
SM-61U3T,432.6,369.3519,437.25276,4.652760000000001,369.3499450683594,-5.292870134485692,16822.1,59042.57672112384,cholesterol
SM-61U3T,420.0,385.3465,422.276874,2.276874000000021,385.3454284667969,-2.754302107470031,59346.97,168949.3761503035,cholestenone
SM-61U3T,450.0,371.3583,445.008132,-4.991868000000011,371.3571472167969,-3.131627135225588,73940.27,68924.94063959028,coprostanol
SM-6XNM3,432.6,369.3519,437.253288,4.653287999999975,369.3508605957031,-3.502668993813651,22724.12,71874.9538930834,cholesterol
SM-6XNM3,420.0,385.3465,424.684152,4.684151999999983,385.34503173828125,-3.995026297247877,51785.89,151333.8374335689,cholestenone
SM-6XNM3,450.0,371.3583,445.543536,-4.456463999999983,371.3570251464844,-3.186412640395085,17226.26,4382.078498929758,coprostanol
SM-AKTXS,432.6,369.3519,430.834602,-1.765398000000005,369.3497314453125,-5.871242810719386,25899.49,33292.8735703675,cholesterol
SM-AKTXS,420.0,385.3465,422.811726,2.811726000000022,385.3453063964844,-3.282269847857523,55832.73,206034.2835084498,cholestenone
SM-AKTXS,450.0,371.3583,450.0,0.0,371.3583,0.0,0.0,0.0,coprostanol
SM-CMUKP,432.6,369.3519,430.834416,-1.765584000000047,369.3502197265625,-4.549248122185227,24717.49,0.0,cholesterol
SM-CMUKP,420.0,385.3465,418.26528,-1.734719999999982,385.3451843261719,-2.041545658079677,54419.14,242577.7818290742,cholestenone
SM-CMUKP,450.0,371.3583,450.0,0.0,371.3583,0.0,0.0,0.0,coprostanol
SM-AF6MI,432.6,369.3519,435.652326,3.052325999999994,369.3505554199219,-4.260061784068379,18767.45,43092.79871115201,cholesterol
SM-AF6MI,420.0,385.3465,424.95519,4.955190000000016,385.3455505371094,-2.490318237423796,139114.6,182277.3073594108,cholestenone
SM-AF6MI,450.0,371.3583,454.907088,4.907087999999988,371.35711669921875,-3.186412640395085,12155.1,0.0,coprostanol
SM-A47RS,432.6,369.3519,434.311458,1.711457999999993,369.3546447753906,7.431328742655593,22969.19,49788.9471387773,cholesterol
SM-A47RS,420.0,385.3465,424.951452,4.951452000000018,385.34490966796875,-3.467058556860385,66234.76,160035.5872008697,cholestenone
SM-A47RS,450.0,371.3583,450.0,0.0,371.3583,0.0,0.0,0.0,coprostanol
SM-BZWMX,432.6,369.3519,431.101656,-1.498344000000031,369.3500671386719,-4.962371462352151,23236.01,88467.30843958961,cholesterol
SM-BZWMX,420.0,385.3465,422.811408,2.811407999999972,385.3452453613281,-3.097481138707149,64246.34,212476.7190576788,cholestenone
SM-BZWMX,450.0,371.3583,450.0,0.0,371.3583,0.0,0.0,0.0,coprostanol
SM-AVADD,432.6,369.3519,432.439134,-0.160865999999999,369.35009765625,-4.879746794318766,22375.71,61530.02214086076,cholesterol
SM-AVADD,420.0,385.3465,424.95111,4.951110000000028,385.34527587890625,-3.493456943924013,85898.49,158113.3792765231,cholestenone
SM-AVADD,450.0,371.3583,450.0,0.0,371.3583,0.0,0.0,0.0,coprostanol
SM-6Q4FQ,432.6,369.3519,437.521128,4.921127999999953,369.35028076171875,-4.356457230056028,61549.44,52860.19546852364,cholesterol
SM-6Q4FQ,420.0,385.3465,419.870868,-0.129132000000027,385.3452453613281,-2.820298075055345,58729.59,252561.2900024751,cholestenone
SM-6Q4FQ,450.0,371.3583,445.009134,-4.990865999999983,371.356689453125,-4.336908250026,24825.52,20658.71170945286,coprostanol
SM-5ZZL9,432.6,369.3519,434.3109,1.710899999999981,369.3548278808594,6.715248286417556,99939.25,246762.0094824317,cholesterol
SM-5ZZL9,420.0,385.3465,424.9509,4.95089999999999,385.3446960449219,-3.519855330987641,107827.5,160172.3889685889,cholestenone
SM-5ZZL9,450.0,371.3583,445.275408,-4.724591999999973,371.3562927246094,-5.405225601826134,18085.8,31585.35382031178,coprostanol
SM-689SS,432.6,369.3519,437.519898,4.919897999999989,369.3502197265625,-4.411540342180886,162071.5,143810.4016892053,cholesterol
SM-689SS,420.0,385.3465,420.137148,0.137148000000025,385.3450012207031,-2.780700494533659,75310.91,318817.1481113745,cholestenone
SM-689SS,450.0,371.3583,445.007916,-4.992083999999977,371.3570861816406,-3.597303929548983,97673.67,85426.72349134253,coprostanol
SM-77M65,432.6,369.3519,433.508712,0.90871199999998,369.354736328125,8.174950754956058,278071.8,819433.4478055666,cholesterol
SM-77M65,420.0,385.3465,424.95096,4.950960000000009,385.3454284667969,-3.176676299750522,289520.3,224373.591800186,cholestenone
SM-77M65,450.0,371.3583,445.008102,-4.991897999999992,371.3571472167969,-2.638557588240911,130762.9,63825.35340583972,coprostanol
SM-7B7LB,432.6,369.3519,433.24113,0.641129999999976,369.3497009277344,-5.995179812769464,26699.38,76054.886035318,cholesterol
SM-7B7LB,420.0,385.3465,418.265112,-1.734888000000012,385.3451843261719,-3.282269847857523,56891.45,200649.6837964598,cholestenone
SM-7B7LB,450.0,371.3583,445.54275,-4.457249999999988,371.3575134277344,-2.11809528859495,25777.39,17797.28192683622,coprostanol
SM-AG78Z,432.6,369.3519,436.449984,3.84998399999995,369.35107421875,-3.227253433651068,57990.69,110365.8077824982,cholesterol
SM-AG78Z,420.0,385.3465,424.683228,4.683227999999986,385.3453063964844,-3.150277912686894,65483.68,190661.0355885914,cholestenone
SM-AG78Z,450.0,371.3583,445.007622,-4.992377999999974,371.35699462890625,-3.295983650887147,122768.5,103746.9743666502,coprostanol
SM-9KOPV,432.6,369.3519,437.25243,4.652429999999981,369.3499450683594,-4.838434460302074,26436.52,75847.35865798834,cholesterol
SM-9KOPV,420.0,385.3465,424.950798,4.95079800000002,385.34515380859375,-3.071082751643521,279422.2,234494.3702653576,cholestenone
SM-9KOPV,450.0,371.3583,445.007808,-4.992191999999989,371.3568115234375,-4.008195218702881,16278.41,0.0,coprostanol
SM-9SD8V,432.6,369.3519,437.51991,4.919909999999959,369.3502502441406,-4.604331234156184,105060.7,55785.53506889513,cholesterol
SM-9SD8V,420.0,385.3465,424.950786,4.950785999999994,385.3451232910156,-3.651847266010758,536823.4,352322.4662115553,cholestenone
SM-9SD8V,450.0,371.3583,454.902666,4.902666000000011,371.35693359375,-3.022056124733526,23555.62,0.0,coprostanol
PREFA06,432.6,369.3519,437.519628,4.919627999999989,369.350341796875,-4.356457230056028,132790.1,151613.9075003372,cholesterol
PREFA06,420.0,385.3465,424.950504,4.950504000000024,385.34521484375,-3.229473073730266,294363.6,383019.6634333631,cholestenone
PREFA06,450.0,371.3583,445.809888,-4.190111999999999,371.35723876953125,-2.857699609071966,23011.24,50282.68828845087,coprostanol
PREFB06,432.6,369.3519,437.519874,4.919873999999993,369.3505859375,-3.585293661847036,59239.27,108670.3036527425,cholesterol
PREFB06,420.0,385.3465,424.95075,4.950750000000028,385.3453063964844,-2.833497268513403,115055.6,260895.812253375,cholestenone
PREFB06,450.0,371.3583,446.077512,-3.922487999999987,371.357421875,-3.022056124733526,24995.55,6272.792846754091,coprostanol
SM-7IWF9,432.6,369.3519,436.717626,4.117625999999973,369.3506164550781,-4.301374118085072,97164.31,136951.0153783826,cholesterol
SM-7IWF9,420.0,385.3465,424.950864,4.950864000000024,385.3454895019531,-2.595911785383285,329539.5,371900.7619779718,cholestenone
SM-7IWF9,450.0,371.3583,446.077632,-3.922368000000006,371.35723876953125,-2.857699609071966,23463.78,0.0,coprostanol
SM-A3J7F,432.6,369.3519,434.845416,2.245415999999977,369.35467529296875,7.761827414789132,115375.7,215683.105788049,cholesterol
SM-A3J7F,420.0,385.3465,418.532406,-1.46759400000002,385.345703125,-1.751163400969814,90071.16,315840.4881696983,cholestenone
SM-A3J7F,450.0,371.3583,450.0,0.0,371.3583,0.0,0.0,0.0,coprostanol
SM-C1MZ3,432.6,369.3519,437.252388,4.652387999999974,369.3510437011719,-3.681689107834685,69000.22,60907.36556974965,cholesterol
SM-C1MZ3,420.0,385.3465,424.950762,4.950761999999998,385.34521484375,-3.282269847857523,106839.1,191753.4893476642,cholestenone
SM-C1MZ3,450.0,371.3583,450.0,0.0,371.3583,0.0,0.0,0.0,coprostanol
SM-CHS72,432.6,369.3519,437.253072,4.653071999999952,369.35064697265625,-3.227253433651068,35556.37,97991.91009144153,cholesterol
SM-CHS72,420.0,385.3465,424.14918,4.149180000000001,385.3454284667969,-2.305529528273423,66269.13,215248.0233927257,cholestenone
SM-CHS72,450.0,371.3583,445.008444,-4.991556000000003,371.357421875,-1.871560515102611,66565.28,72349.71520274371,coprostanol
SM-ARMBQ,432.6,369.3519,437.519508,4.919507999999951,369.35064697265625,-3.723001441851377,33733.58,80711.97300865653,cholesterol
SM-ARMBQ,420.0,385.3465,424.950384,4.950383999999986,385.3451843261719,-2.648708559510542,155732.5,215702.5526278416,cholestenone
SM-ARMBQ,450.0,371.3583,445.274886,-4.725114000000019,371.35784912109375,-1.59763298894899,76082.45,71286.75856327167,coprostanol
SM-AXTT4,432.6,369.3519,432.706176,0.106176000000005,369.3498840332031,-5.458119470552461,25451.52,90447.06480452573,cholesterol
SM-AXTT4,420.0,385.3465,424.950798,4.95079800000002,385.3454284667969,-2.199935980166422,76117.27,207096.1805960211,cholestenone
SM-AXTT4,450.0,371.3583,445.00782,-4.992180000000019,371.3585205078125,0.593787219820777,14414.43,0.0,coprostanol
SM-A77UE,432.6,369.3519,437.519958,4.919957999999951,369.35052490234375,-3.144628765617683,192065.9,209173.7729317464,cholesterol
SM-A77UE,420.0,385.3465,424.950828,4.950828000000001,385.3457946777344,-1.830358562013187,69221.32,196087.7796363225,cholestenone
SM-A77UE,450.0,371.3583,445.007964,-4.992035999999985,371.35748291015625,-1.173045323540985,104057.2,90571.74918168124,coprostanol
SM-B1JOP,432.6,369.3519,436.450812,3.850811999999962,369.3520812988281,0.490856627851256,18362.14,45164.21057602169,cholesterol
SM-B1JOP,420.0,385.3465,424.951416,4.951415999999995,385.3455505371094,-1.935952110120188,71634.89,192667.085143876,cholestenone
SM-B1JOP,450.0,371.3583,450.0,0.0,371.3583,0.0,0.0,0.0,coprostanol
SM-AG2E3,432.6,369.3519,437.519664,4.919663999999955,369.3508605957031,-2.593797645446416,211274.2,128479.9160895092,cholesterol
SM-AG2E3,420.0,385.3465,424.950678,4.950677999999982,385.34576416015625,-1.935952110120188,544004.4,577897.0950508105,cholestenone
SM-AG2E3,450.0,371.3583,446.612292,-3.387707999999975,371.3571472167969,-3.104234382564305,16317.46,0.0,coprostanol
SM-CTLFU,432.6,369.3519,437.252514,4.652513999999997,369.3514404296875,-1.822634077083523,54536.73,86913.39977258013,cholesterol
SM-CTLFU,420.0,385.3465,422.276508,2.276507999999978,385.3464050292969,-1.24959404764595,82373.77,361030.1935591676,cholestenone
SM-CTLFU,450.0,371.3583,445.27527,-4.724730000000022,371.3576354980469,-1.460669225948713,21905.62,20407.49397963796,coprostanol
SM-AF6MY,432.6,369.3519,434.043456,1.443455999999969,369.35443115234375,6.852956066421899,24365.55,107576.0784916637,cholesterol
SM-AF6MY,420.0,385.3465,424.95096,4.950960000000009,385.3457946777344,-2.147139206186678,77989.98,215081.3072430409,cholestenone
SM-AF6MY,450.0,371.3583,450.0,0.0,371.3583,0.0,0.0,0.0,coprostanol
SM-72PGN,432.6,369.3519,437.520168,4.92016799999999,369.3511047363281,-2.263298973312876,86233.84,98395.68904018424,cholesterol
SM-72PGN,420.0,385.3465,424.951044,4.951044000000024,385.3459167480469,-1.460781143859952,880509.4,583424.7498102285,cholestenone
SM-72PGN,450.0,371.3583,454.902936,4.902936000000011,371.3567810058594,-2.939877866902746,33459.04,0.0,coprostanol
SM-7HNM8,432.6,369.3519,433.508658,0.908658000000003,369.3548889160156,8.588074095122982,308531.0,1036365.670162118,cholesterol
SM-7HNM8,420.0,385.3465,424.951032,4.951031999999998,385.3459777832031,-1.275992434709578,2374160.0,1003437.10786073,cholestenone
SM-7HNM8,450.0,371.3583,445.27542,-4.724580000000003,371.35821533203125,-0.227995358487019,36378.97,36003.48589022976,coprostanol
SM-9RTUR,432.6,369.3519,437.520066,4.920065999999963,369.35174560546875,-0.39047316445355,63226.88,128420.5178494084,cholesterol
SM-9RTUR,420.0,385.3465,424.950948,4.950947999999983,385.3459167480469,-1.619171465946697,2377924.0,1334337.809935194,cholestenone
SM-9RTUR,450.0,371.3583,454.902828,4.902828,371.357177734375,-3.213805393056368,50467.27,10792.03120832258,coprostanol
SM-7AA1S,432.6,369.3519,431.903904,-0.696096000000011,369.35015869140625,-4.714497458251997,37632.51,130062.5953951111,cholesterol
SM-7AA1S,420.0,385.3465,424.683402,4.683402000000001,385.34625244140625,-1.381585982816579,116783.8,406240.4225401069,cholestenone
SM-7AA1S,450.0,371.3583,450.0,0.0,371.3583,0.0,0.0,0.0,coprostanol
SM-6X9WA,432.6,369.3519,437.519778,4.919777999999951,369.3507385253906,-2.373465197254789,129368.7,382833.9978406552,cholesterol
SM-6X9WA,420.0,385.3465,421.206768,1.206768000000011,385.3469543457031,-0.352048889252735,105408.0,499089.6636397252,cholestenone
SM-6X9WA,450.0,371.3583,445.007796,-4.992204000000015,371.3586730957031,-0.501922884640641,213343.4,244464.3017722339,coprostanol
SM-6CAKR,432.6,369.3519,435.1134,2.51339999999999,369.3507995605469,-2.979379429550912,32366.78,139059.0466396205,cholesterol
SM-6CAKR,420.0,385.3465,424.41627,4.416269999999997,385.34619140625,-1.434382756796324,71072.22,235541.4642787155,cholestenone
SM-6CAKR,450.0,371.3583,445.008282,-4.991717999999992,371.3581848144531,-1.378490968117934,26310.76,6736.9080520538355,coprostanol
SM-74Y71,432.6,369.3519,437.252454,4.652453999999978,369.35113525390625,-1.519676961012412,30648.51,85499.90975883967,cholesterol
SM-74Y71,420.0,385.3465,416.660568,-3.339431999999988,385.345947265625,-0.72162630740597,75061.01,187743.9275176101,cholestenone
SM-74Y71,450.0,371.3583,445.542708,-4.457291999999995,371.3577880859375,-1.378490968117934,18531.27,0.0,coprostanol
SM-7FK4D,432.6,369.3519,427.6248,-4.975200000000029,369.3500671386719,-4.962371462352151,30831.88,0.0,cholesterol
SM-7FK4D,420.0,385.3465,416.125422,-3.874577999999985,385.3467102050781,-0.457642437212224,81183.4,280351.9799668226,cholestenone
SM-7FK4D,450.0,371.3583,446.344824,-3.655175999999983,371.3573913574219,-2.446808319918068,18728.85,14549.50680414281,coprostanol
SM-5QVZ9,432.6,369.3519,436.182912,3.582911999999965,369.3513488769531,-1.492135404949983,52360.59,134754.5328036185,cholesterol
SM-5QVZ9,420.0,385.3465,423.078906,3.078906000000018,385.3456726074219,-0.853618242429087,73877.29,295020.8465494814,cholestenone
SM-5QVZ9,450.0,371.3583,445.27542,-4.724580000000003,371.3575439453125,-1.926346020272108,35857.49,66936.76807145566,coprostanol
SM-6WOC1,432.6,369.3519,430.567284,-2.03271600000005,369.35113525390625,-2.098049637246106,33592.11,121194.7903825058,cholesterol
SM-6WOC1,420.0,385.3465,420.672402,0.672401999999977,385.345947265625,-1.434382756796324,96876.57,348706.7718331216,cholestenone
SM-6WOC1,450.0,371.3583,445.008288,-4.991712000000007,371.3580322265625,-0.638886647640917,40381.61,36497.70926738685,coprostanol
SM-5WXZX,432.6,369.3519,437.520072,4.920072000000005,369.35107421875,-2.20821586118802,55090.9,56955.55083060434,cholesterol
SM-5WXZX,420.0,385.3465,420.93957,0.939570000000003,385.3459167480469,-0.088065019058989,63912.22,313235.8308315816,cholestenone
SM-5WXZX,450.0,371.3583,445.008072,-4.991927999999973,371.3578796386719,-0.282780863656516,73045.85,93662.6502738849,coprostanol
SM-71WXH,432.6,369.3519,437.520204,4.920203999999956,369.3517150878906,-1.822634077083523,68751.84,124153.2595048168,cholesterol
SM-71WXH,420.0,385.3465,424.95108,4.95107999999999,385.3462829589844,-0.616032759298969,98676.74,212340.3243712631,cholestenone
SM-71WXH,450.0,371.3583,445.275582,-4.724418000000014,371.3581237792969,-0.474530131979358,50059.52,82019.55603623937,coprostanol
SM-9PJ1I,432.6,369.3519,437.519754,4.919753999999955,369.3511962890625,-1.616072407000061,56097.31,98147.74208992263,cholesterol
SM-9PJ1I,420.0,385.3465,422.27637,2.276369999999986,385.3459777832031,-1.592773078883069,83316.22,371062.3301276827,cholestenone
SM-9PJ1I,450.0,371.3583,446.077386,-3.92261400000001,371.3569641113281,-3.597303929548983,17292.67,0.0,coprostanol
SM-A61QG,432.6,369.3519,437.520168,4.92016799999999,369.350830078125,-2.60756842340068,54176.18,91027.0324333075,cholesterol
SM-A61QG,420.0,385.3465,419.06766,-0.932340000000011,385.3459167480469,-0.72162630740597,65002.89,278212.1459469256,cholestenone
SM-A61QG,450.0,371.3583,445.008174,-4.991826000000003,371.3577575683594,-1.460669225948713,32640.97,21161.89987289115,coprostanol
SM-9UW5S,432.6,369.3519,433.95351,1.353509999999972,369.3546447753906,5.778835381987894,71285.33,184202.6447831635,cholesterol
SM-9UW5S,420.0,385.3465,424.058622,4.058622000000014,385.3458251953125,-0.853618242429087,83403.13,209587.085729741,cholestenone
SM-9UW5S,450.0,371.3583,450.0,0.0,371.3583,0.0,0.0,0.0,coprostanol
SM-6HUBR,432.6,369.3519,437.520582,4.920581999999968,369.35113525390625,-2.180674305279491,155304.1,321735.8908688708,cholesterol
SM-6HUBR,420.0,385.3465,422.277198,2.277197999999999,385.3460388183594,-0.919614210014402,141075.9,455416.6756479474,cholestenone
SM-6HUBR,450.0,371.3583,445.008462,-4.991537999999991,371.35784912109375,-0.912814173794539,644579.6,655427.897230157,coprostanol
SM-9OS6B,432.6,369.3519,436.985724,4.385723999999982,369.3507995605469,-2.098049637246106,87584.93,153435.395707572,cholesterol
SM-9OS6B,420.0,385.3465,421.74234,1.742340000000013,385.3459167480469,-1.381585982816579,97021.61,426593.5887864382,cholestenone
SM-9OS6B,450.0,371.3583,454.903362,4.903362000000016,371.3570251464844,-2.652253964495017,22469.69,0.0,coprostanol
SM-7IKZB,432.6,369.3519,436.4511,3.851099999999974,369.3513488769531,-2.345923641346261,149611.4,165108.283318747,cholesterol
SM-7IKZB,420.0,385.3465,424.951722,4.951722000000018,385.34613037109375,-1.012008564515832,2643043.0,1259451.675428656,cholestenone
SM-7IKZB,450.0,371.3583,450.0,0.0,371.3583,0.0,0.0,0.0,coprostanol
SM-73BMX,432.6,369.3519,436.456302,3.856301999999971,369.3509826660156,-2.483631421350603,192788.1,425018.4148501666,cholesterol
SM-73BMX,420.0,385.3465,424.956924,4.956924000000015,385.34619140625,-0.748024694469598,1863273.0,1658451.001283111,cholestenone
SM-73BMX,450.0,371.3583,454.90881,4.908810000000017,371.35760498046875,-1.378490968117934,48844.64,0.0,coprostanol
SM-7EDAC,432.6,369.3519,435.914742,3.314741999999967,369.3511962890625,-2.20821586118802,258846.4,390377.9903134907,cholesterol
SM-7EDAC,420.0,385.3465,424.950234,4.950234000000023,385.3459777832031,-1.302390821773207,1348639.0,1441143.574222576,cholestenone
SM-7EDAC,450.0,371.3583,450.0,0.0,371.3583,0.0,0.0,0.0,coprostanol
SM-9ZE8P,432.6,369.3519,437.520342,4.920342000000005,369.3513488769531,-2.098049637246106,110704.3,195477.5343668295,cholesterol
SM-9ZE8P,420.0,385.3465,424.416462,4.416462000000024,385.3464660644531,-0.457642437212224,139431.4,572870.3575655384,cholestenone
SM-9ZE8P,450.0,371.3583,445.27572,-4.724280000000022,371.3580627441406,-0.967599678964035,114262.3,186056.3966542844,coprostanol
SM-CP6EO,432.6,369.3519,434.846016,2.246015999999997,369.3516845703125,-1.05147050872063,46619.43,166189.0705816146,cholesterol
SM-CP6EO,420.0,385.3465,424.95114,4.951140000000009,385.3458251953125,-1.223195660729834,92843.46,349906.7891257246,cholestenone
SM-CP6EO,450.0,371.3583,445.00827,-4.991730000000018,371.358154296875,-0.14581710065624,34078.54,68417.0737553265,coprostanol
SM-A9F53,432.6,369.3519,434.043426,1.443425999999988,369.3548889160156,7.458870298718022,317519.2,842010.3617129445,cholesterol
SM-A9F53,420.0,385.3465,424.68342,4.683420000000012,385.3462219238281,-0.140861793038733,124229.9,387477.4115842867,cholestenone
SM-A9F53,450.0,371.3583,445.007928,-4.992072000000007,371.3583068847656,-0.173209853317522,50298.42,99778.71945487546,coprostanol
SM-AXTSZ,432.6,369.3519,437.520318,4.920317999999952,369.3517761230469,-0.955075062732981,47105.15,88993.84895232895,cholesterol
SM-AXTSZ,420.0,385.3465,424.951194,4.951193999999987,385.3463439941406,-0.272853728209362,390390.6,432194.2951108077,cholestenone
SM-AXTSZ,450.0,371.3583,450.0,0.0,371.3583,0.0,0.0,0.0,coprostanol
SM-AKTYH,432.6,369.3519,431.369352,-1.230648000000031,369.3510437011719,-2.318382085283833,36716.26,237647.1998931099,cholesterol
SM-AKTYH,420.0,385.3465,422.544216,2.544216000000006,385.3470764160156,1.047065622611857,89612.55,471244.929253441,cholestenone
SM-AKTYH,450.0,371.3583,445.008228,-4.991772000000026,371.3583068847656,0.045932167666603,61682.08,55766.98073478598,coprostanol
PREFA08,432.6,369.3519,437.520438,4.92043799999999,369.3511657714844,-1.822634077083523,103496.2,108095.0259114614,cholesterol
PREFA08,420.0,385.3465,422.009562,2.009562000000017,385.34576416015625,-0.72162630740597,116694.8,487270.7555922941,cholestenone
PREFA08,450.0,371.3583,445.008444,-4.991556000000003,371.3580627441406,-0.638886647640917,27332.2,42238.15720312532,coprostanol
PREFB08,432.6,369.3519,428.694888,-3.905112000000031,369.3509826660156,-2.483631421350603,67383.83,258300.6435973957,cholesterol
PREFB08,420.0,385.3465,421.207014,1.207014000000015,385.3460693359375,-1.117602112622833,92902.75,521841.2759160141,cholestenone
PREFB08,450.0,371.3583,445.275528,-4.724471999999992,371.358154296875,-0.638886647640917,41421.55,64565.14958427451,coprostanol
SM-7IKZF,432.6,369.3519,430.566966,-2.033034000000043,369.35137939453125,-1.450823070933291,20504.99,79357.75450458072,cholesterol
SM-7IKZF,420.0,385.3465,422.276712,2.276711999999975,385.3465270996094,0.334309173221503,69619.98,345772.8476950956,cholestenone
SM-7IKZF,450.0,371.3583,450.0,0.0,371.3583,0.0,0.0,0.0,coprostanol
SM-7AMIH,432.6,369.3519,432.9741,0.374099999999999,369.35107421875,-1.271802956912257,30776.38,171768.7345472813,cholesterol
SM-7AMIH,420.0,385.3465,421.742226,1.742226000000017,385.34625244140625,-0.827219855512971,76566.42,393651.5983789966,cholestenone
SM-7AMIH,450.0,371.3583,446.34561,-3.654389999999978,371.35784912109375,-1.337401839202544,19195.01,4520.48203404435,coprostanol
SM-6SF6T,432.6,369.3519,430.83471,-1.76529000000005,369.3509216308594,-2.648880757417373,30570.83,186039.6522452225,cholesterol
SM-6SF6T,420.0,385.3465,424.951332,4.951331999999979,385.3464050292969,-0.827219855512971,98889.81,265588.5787560735,cholestenone
SM-6SF6T,450.0,371.3583,450.0,0.0,371.3583,0.0,0.0,0.0,coprostanol
SM-9KOMO,432.6,369.3519,430.032084,-2.567916000000025,369.35107421875,-2.235757417250448,24549.97,112878.5703270998,cholesterol
SM-9KOMO,420.0,385.3465,418.265328,-1.734671999999989,385.34613037109375,-0.985610177599716,83127.79,378642.3340475736,cholestenone
SM-9KOMO,450.0,371.3583,450.0,0.0,371.3583,0.0,0.0,0.0,coprostanol
SM-9ZJII,432.6,369.3519,430.83486,-1.765140000000031,369.35076904296875,-3.227253433651068,20903.07,121198.5497198262,cholesterol
SM-9ZJII,420.0,385.3465,420.13773,0.137729999999976,385.3463134765625,-0.853618242429087,87414.46,414094.5834883294,cholestenone
SM-9ZJII,450.0,371.3583,450.0,0.0,371.3583,0.0,0.0,0.0,coprostanol
SM-6ZT2V,432.6,369.3519,431.904552,-0.695447999999999,369.3511962890625,-1.905258745116908,27821.02,168076.0368610377,cholesterol
SM-6ZT2V,420.0,385.3465,417.998286,-2.001713999999993,385.34625244140625,-0.114463406122617,87398.18,364957.9516586572,cholestenone
SM-6ZT2V,450.0,371.3583,450.0,0.0,371.3583,0.0,0.0,0.0,coprostanol
SM-AGUMK,432.6,369.3519,427.624974,-4.975026000000014,369.3514404296875,-1.326886068883213,61344.44,106848.9279679799,cholesterol
SM-AGUMK,420.0,385.3465,422.276346,2.27634599999999,385.3464050292969,0.545496269287993,81790.56,354418.2111499531,cholestenone
SM-AGUMK,450.0,371.3583,450.0,0.0,371.3583,0.0,0.0,0.0,coprostanol
SM-9W3AZ,432.6,369.3519,434.311248,1.711247999999955,369.3551940917969,8.918572767256522,101482.8,270012.4265371994,cholesterol
SM-9W3AZ,420.0,385.3465,424.951236,4.951235999999994,385.34649658203125,-0.352048889252735,116159.8,315158.2836884936,cholestenone
SM-9W3AZ,450.0,371.3583,450.0,0.0,371.3583,0.0,0.0,0.0,coprostanol
SM-7I1FM,432.6,369.3519,437.520408,4.920407999999952,369.3514404296875,-0.996387396749673,266393.1,225660.4986542354,cholesterol
SM-7I1FM,420.0,385.3465,424.951278,4.951278000000002,385.3463439941406,-0.378447276168851,3036973.0,1201218.734612726,cholestenone
SM-7I1FM,450.0,371.3583,445.54317,-4.456830000000025,371.3580627441406,-0.638886647640917,22069.49,69917.06421886897,coprostanol
SM-A14CI,432.6,369.3519,430.29981,-2.300190000000043,369.3512268066406,-2.194445083233755,26164.88,115414.8593127774,cholesterol
SM-A14CI,420.0,385.3465,417.463302,-2.536698000000001,385.346435546875,-0.431244050296108,115291.7,386570.9827464914,cholestenone
SM-A14CI,450.0,371.3583,450.0,0.0,371.3583,0.0,0.0,0.0,coprostanol
SM-6ZT3W,432.6,369.3519,437.252766,4.652765999999986,369.35162353515625,-0.748513392649519,59392.22,88950.98157285327,cholesterol
SM-6ZT3W,420.0,385.3465,424.951134,4.951134000000025,385.3464660644531,0.202317238050874,169562.1,301442.1825365137,cholestenone
SM-6ZT3W,450.0,371.3583,445.008276,-4.991723999999977,371.35870361328125,0.812929240651833,22666.98,17420.49962475539,coprostanol
SM-9QMOR,432.6,369.3519,431.3694,-1.230600000000038,369.35137939453125,-1.698697075033446,24690.88,148184.5415162814,cholesterol
SM-9QMOR,420.0,385.3465,420.404898,0.404898000000003,385.34625244140625,-0.035268245079244,63449.98,339857.1509300273,cholestenone
SM-9QMOR,450.0,371.3583,445.81053,-4.189469999999972,371.358642578125,0.922500251143895,18626.07,0.0,coprostanol
SM-6SSMY,432.6,369.3519,428.695128,-3.904872000000012,369.3513488769531,-1.9465710791336,69333.91,130549.7367493477,cholesterol
SM-6SSMY,420.0,385.3465,417.19575,-2.804250000000025,385.3465270996094,0.25511401217813,74942.16,319285.7593497352,cholestenone
SM-6SSMY,450.0,371.3583,445.008132,-4.991868000000011,371.3586730957031,1.004678508974675,45423.98,62355.43978896059,coprostanol
SM-7IL1S,432.6,369.3519,437.52063,4.92062999999996,369.35137939453125,-1.023928952812102,373550.4,233248.9138250739,cholesterol
SM-7IL1S,420.0,385.3465,424.9515,4.95150000000001,385.3463439941406,-0.484040824275852,1330595.0,579479.4341260816,cholestenone
SM-7IL1S,450.0,371.3583,445.276008,-4.72399200000001,371.35833740234375,0.347252446328438,46146.54,63039.81724889783,coprostanol
SM-9VWCQ,432.6,369.3519,431.63691,-0.963090000000022,369.3509826660156,-2.483631421350603,27606.61,102610.802459543,cholesterol
SM-9VWCQ,420.0,385.3465,417.730662,-2.269338000000005,385.3466796875,1.601431749915466,69392.71,311338.710350257,cholestenone
SM-9VWCQ,450.0,371.3583,445.27566,-4.724339999999984,371.3577575683594,-1.460669225948713,19133.34,0.0,coprostanol
SM-7AK5Y,432.6,369.3519,434.578242,1.978241999999966,369.3529357910156,2.088266876547999,86462.93,176106.3453384199,cholesterol
SM-7AK5Y,420.0,385.3465,424.950852,4.950851999999998,385.34600830078125,-0.088065019058989,198182.1,350001.0082910523,cholestenone
SM-7AK5Y,450.0,371.3583,445.275372,-4.724627999999996,371.3576965332031,-0.310173616317799,32033.97,8068.048899931879,coprostanol
SM-6YAZN,432.6,369.3519,437.520384,4.920383999999956,369.3516540527344,-0.528180944611792,252912.8,340008.5411327071,cholesterol
SM-6YAZN,420.0,385.3465,424.95126,4.951259999999991,385.3470153808594,0.598293043267737,279272.7,492150.1556145438,cholestenone
SM-6YAZN,450.0,371.3583,445.275762,-4.724238000000014,371.3585205078125,0.292466941158941,165477.3,212102.5702796898,coprostanol
SM-7BF2I,432.6,369.3519,437.52045,4.92044999999996,369.35198974609375,-0.252765384449209,115214.3,149211.2957033353,cholesterol
SM-7BF2I,420.0,385.3465,424.683948,4.683947999999987,385.3468322753906,0.070325303027757,93708.29,313973.2479830753,cholestenone
SM-7BF2I,450.0,371.3583,445.008462,-4.991537999999991,371.35888671875,1.210124153551624,35659.12,40151.63991660953,coprostanol
SM-65GXK,432.6,369.3519,437.526,4.925999999999988,369.351806640625,-0.280306940511637,90434.47,124231.848823817,cholesterol
SM-65GXK,420.0,385.3465,424.95699,4.956990000000019,385.3465576171875,0.545496269287993,143444.2,276391.1348229452,cholestenone
SM-65GXK,450.0,371.3583,445.548876,-4.451123999999993,371.3586730957031,1.114249519466737,21484.37,39841.52845579388,coprostanol
SM-6MSSW,432.6,369.3519,437.520606,4.920605999999964,369.3514709472656,-0.72097183658709,168276.2,293242.3225733661,cholesterol
SM-6MSSW,420.0,385.3465,424.951482,4.951481999999999,385.3468017578125,0.915073687441228,441474.4,532851.2504288902,cholestenone
SM-6MSSW,450.0,371.3583,445.275996,-4.72400399999998,371.3585205078125,0.62117997248206,461185.3,519517.7862098562,coprostanol
PREFA09,432.6,369.3519,437.520762,4.920761999999968,369.35235595703125,0.325607291784486,80395.03,165763.8339520196,cholesterol
PREFA09,420.0,385.3465,424.951638,4.951638000000003,385.3465576171875,0.413504334264876,154278.5,401375.2527351853,cholestenone
PREFA09,450.0,371.3583,445.276146,-4.723854000000017,371.35870361328125,1.456658927043963,23774.96,35645.28937505002,coprostanol
PREFB09,432.6,369.3519,437.520732,4.920731999999987,369.3515319824219,-1.023928952812102,114981.3,135639.5213097462,cholesterol
PREFB09,420.0,385.3465,424.951608,4.951608000000022,385.3464660644531,-0.114463406122617,579949.1,496614.883339779,cholestenone
PREFB09,450.0,371.3583,445.276116,-4.723883999999998,371.3592834472656,2.648243665590267,23398.96,33608.14519832467,coprostanol
SM-7GYJN,432.6,369.3519,437.520696,4.920695999999964,369.3514709472656,-0.803596504620475,133395.8,270121.1795975511,cholesterol
SM-7GYJN,420.0,385.3465,424.951572,4.951571999999999,385.34674072265625,0.149520464071129,361038.4,439929.1141208911,cholestenone
SM-7GYJN,450.0,371.3583,445.008696,-4.991304000000014,371.3587341308594,0.840321993313116,172881.6,185078.9299919039,coprostanol
SM-9ZA5V,432.6,369.3519,434.578566,1.978566000000001,369.3543395996094,6.963122290517712,93957.0,251572.4634757132,cholesterol
SM-9ZA5V,420.0,385.3465,424.951182,4.951182000000017,385.3467102050781,0.519097882224364,509331.4,430588.7701097488,cholestenone
SM-9ZA5V,450.0,371.3583,448.752198,-1.247801999999979,371.3591613769531,2.319530634267148,17557.13,64663.80737193825,coprostanol
SM-72PHS,432.6,369.3519,437.520876,4.920875999999964,369.3518371582031,-0.294077718465901,37545.3,100940.9561819938,cholesterol
SM-72PHS,420.0,385.3465,424.95174,4.951739999999973,385.34661865234375,0.202317238050874,396350.2,488547.4237262256,cholestenone
SM-72PHS,450.0,371.3583,450.0,0.0,371.3583,0.0,0.0,0.0,coprostanol
SM-7K1WG,432.6,369.3519,430.032612,-2.567388000000051,369.3511962890625,-1.905258745116908,58977.5,157483.7188967239,cholesterol
SM-7K1WG,420.0,385.3465,424.951482,4.951481999999999,385.3468322753906,0.9942688484846,449315.3,462398.4223036237,cholestenone
SM-7K1WG,450.0,371.3583,450.0,0.0,371.3583,0.0,0.0,0.0,coprostanol
SM-9SIJ5,432.6,369.3519,428.96244,-3.637560000000008,369.3511962890625,-1.905258745116908,38339.91,115123.3486460089,cholesterol
SM-9SIJ5,420.0,385.3465,424.951068,4.951068000000021,385.34686279296875,1.179057557634974,124449.9,374297.7612813767,cholestenone
SM-9SIJ5,450.0,371.3583,450.0,0.0,371.3583,0.0,0.0,0.0,coprostanol
SM-6XRKG,432.6,369.3519,429.769824,-2.830175999999995,369.35162353515625,-0.789825726666211,26610.94,125655.382039395,cholesterol
SM-6XRKG,420.0,385.3465,424.153824,4.153823999999986,385.34674072265625,0.413504334264876,88526.61,369459.7284495306,cholestenone
SM-6XRKG,450.0,371.3583,446.350458,-3.649541999999997,371.3586120605469,0.840321993313116,22986.89,80671.58365968478,coprostanol
SM-7DN3V,432.6,369.3519,437.253048,4.653047999999956,369.35198974609375,0.366919625801179,71919.73,125267.8072654045,cholesterol
SM-7DN3V,420.0,385.3465,421.474788,1.47478799999999,385.3470764160156,1.205455944698602,101597.2,635691.5767827749,cholestenone
SM-7DN3V,450.0,371.3583,445.008558,-4.991442000000006,371.3585510253906,0.675965477651557,22947.2,0.0,coprostanol
SM-9ZA1W,432.6,369.3519,437.25306,4.653059999999982,369.3518371582031,-0.831138060682903,69816.51,153627.3830511686,cholesterol
SM-9ZA1W,420.0,385.3465,418.800534,-1.199465999999973,385.3474426269531,2.393383360349192,102894.8,517743.1154290682,cholestenone
SM-9ZA1W,450.0,371.3583,445.00842,-4.991579999999999,371.35882568359375,1.086856766805455,95711.98,103536.704012042,coprostanol
SM-APR9M,432.6,369.3519,432.974664,0.374663999999996,369.3517761230469,-0.335390052482594,59176.86,224280.9769818632,cholesterol
SM-APR9M,420.0,385.3465,423.882024,3.882024000000001,385.34637451171875,0.46630110824462,124038.5,426442.0816151117,cholestenone
SM-APR9M,450.0,371.3583,445.543788,-4.456211999999994,371.358642578125,1.045767637890065,25845.4,52799.78765964275,coprostanol
SM-A9J97,432.6,369.3519,428.160636,-4.439364000000012,369.3516540527344,-0.665888724616134,29733.72,92367.3205268785,cholesterol
SM-A9J97,420.0,385.3465,418.533258,-1.466742000000011,385.34698486328125,0.651089817394994,105964.7,522348.804347966,cholestenone
SM-A9J97,450.0,371.3583,446.613138,-3.386862000000008,371.3581848144531,0.073324920174816,21009.24,58557.88716008434,coprostanol
SM-9P5FW,432.6,369.3519,437.52027,4.92026999999996,369.3514404296875,-0.858679616745332,77556.64,109796.520326916,cholesterol
SM-9P5FW,420.0,385.3465,417.195768,-2.804232000000013,385.3462219238281,0.545496269287993,103454.5,480047.034395989,cholestenone
SM-9P5FW,450.0,371.3583,445.275648,-4.72435200000001,371.3586730957031,0.703358230312839,90411.76,111922.0808426303,coprostanol
SM-9UCZF,432.6,369.3519,437.52045,4.92044999999996,369.35235595703125,0.242982623751101,46780.04,82457.99879712274,cholesterol
SM-9UCZF,420.0,385.3465,422.544576,2.544576000000006,385.346923828125,1.363846266785348,95840.03,382360.9771891284,cholestenone
SM-9UCZF,450.0,371.3583,445.008462,-4.991537999999991,371.3583679199219,1.059464014144172,61621.49,27406.58677279715,coprostanol
SM-6X9W2,432.6,369.3519,431.63727,-0.962730000000022,369.351806640625,-0.872450394699596,36626.13,203379.211141968,cholesterol
SM-6X9W2,420.0,385.3465,420.67275,0.672750000000008,385.3469543457031,1.258252718678347,130855.0,639202.5126272459,cholestenone
SM-6X9W2,450.0,371.3583,445.276134,-4.723865999999987,371.35882568359375,1.662104571620912,69181.62,115852.9628419684,coprostanol
SM-9JYAI,432.6,369.3519,428.962356,-3.637644000000023,369.35150146484375,-1.71246785298771,56400.77,116783.4489640966,cholesterol
SM-9JYAI,420.0,385.3465,422.009232,2.009231999999997,385.34716796875,1.759822072002211,93423.2,527148.1166541085,cholestenone
SM-9JYAI,450.0,371.3583,445.275492,-4.724508000000014,371.35845947265625,0.511608961989997,198840.9,272276.6122746717,coprostanol
SM-7BF15,432.6,369.3519,437.520354,4.920353999999975,369.351318359375,-1.161636732816443,28226.34,93718.315237843,cholesterol
SM-7BF15,420.0,385.3465,419.870106,-0.129893999999979,385.34710693359375,1.601431749915466,96383.78,615864.4659538592,cholestenone
SM-7BF15,450.0,371.3583,445.810614,-4.189386000000013,371.35821533203125,-0.227995358487019,17562.54,33697.45165091894,coprostanol
SM-7IKZN,432.6,369.3519,437.252604,4.652603999999997,369.3519592285156,0.298065735722058,55246.72,119226.4544551114,cholesterol
SM-7IKZN,420.0,385.3465,417.997836,-2.002163999999993,385.34698486328125,1.12626078365523,92971.07,475492.5271909832,cholestenone
SM-7IKZN,450.0,371.3583,445.275474,-4.724526000000026,371.3585510253906,1.169035024636234,68568.36,80527.74690498342,coprostanol
SM-727GQ,432.6,369.3519,428.962872,-3.637128000000018,369.35150146484375,-1.106553620845487,35701.92,121823.9838885438,cholesterol
SM-727GQ,420.0,385.3465,420.137742,0.137742000000003,385.3471374511719,1.179057557634974,103143.1,574457.5216125353,cholestenone
SM-727GQ,450.0,371.3583,446.078256,-3.92174399999999,371.35906982421875,0.675965477651557,50057.49,40147.70916526089,coprostanol
SM-AGUND,432.6,369.3519,434.311002,1.711001999999951,369.35205078125,0.862667634001488,49731.76,138703.0908900886,cholesterol
SM-AGUND,420.0,385.3465,423.881238,3.881237999999996,385.3468933105469,0.598293043267737,97131.37,367762.884886897,cholestenone
SM-AGUND,450.0,371.3583,450.0,0.0,371.3583,0.0,0.0,0.0,coprostanol
SM-ATVT8,432.6,369.3519,427.6251,-4.974900000000048,369.3515625,-0.22522382838678,27904.06,90416.36579815137,cholesterol
SM-ATVT8,420.0,385.3465,415.323348,-4.67665199999999,385.3476257324219,0.915073687441228,89287.39,315230.9979695418,cholestenone
SM-ATVT8,450.0,371.3583,450.0,0.0,371.3583,0.0,0.0,0.0,coprostanol
SM-9NBEP,432.6,369.3519,427.62513,-4.97487000000001,369.3511047363281,-0.776054948711947,40410.39,82572.33213230544,cholesterol
SM-9NBEP,420.0,385.3465,422.009124,2.009123999999986,385.3469543457031,0.149520464071129,96674.96,488246.2783812214,cholestenone
SM-9NBEP,450.0,371.3583,446.077638,-3.922362000000021,371.3588562011719,1.662104571620912,25560.56,65631.16739466281,coprostanol
PREFA10,432.6,369.3519,437.520114,4.920113999999956,369.3522644042969,0.876438411955752,74647.2,98625.2385497801,cholesterol
PREFA10,420.0,385.3465,422.276736,2.276736000000028,385.34649658203125,0.571894656351621,114154.7,554669.6365015559,cholestenone
PREFA10,450.0,371.3583,445.542876,-4.457124000000022,371.3592224121094,1.456658927043963,29685.21,41572.4339628405,coprostanol
PREFB10,432.6,369.3519,436.985532,4.385531999999955,369.3521423339844,1.234478640151721,70677.27,129541.5793696172,cholesterol
PREFB10,420.0,385.3465,424.416402,4.416402000000005,385.3470458984375,1.12626078365523,117202.3,408414.1091414797,cholestenone
PREFB10,450.0,371.3583,446.07804,-3.921960000000013,371.3588562011719,1.210124153551624,39419.08,60510.69866352542,coprostanol
SM-A1ZVJ,432.6,369.3519,431.903922,-0.696078,369.35205078125,0.408231959817871,41973.53,230631.0625268207,cholesterol
SM-A1ZVJ,420.0,385.3465,421.206912,1.206911999999988,385.3471374511719,1.284651105741975,118256.7,563996.4698373398,cholestenone
SM-A1ZVJ,450.0,371.3583,445.275294,-4.724706000000026,371.3587646484375,2.292137881605866,72372.84,63531.68691531449,coprostanol
SM-9SIJB,432.6,369.3519,436.183008,3.58300799999995,369.35174560546875,0.532168961867949,29913.33,119804.5504132626,cholesterol
SM-9SIJB,420.0,385.3465,416.393376,-3.606624000000011,385.3471374511719,1.733423684938583,107162.2,386661.2385495551,cholestenone
SM-9SIJB,450.0,371.3583,445.543014,-4.456985999999972,371.3580627441406,-0.638886647640917,24301.79,0.0,coprostanol
SM-APDY4,432.6,369.3519,431.36916,-1.230840000000001,369.35186767578125,0.532168961867949,28643.62,152907.150633064,cholesterol
SM-APDY4,420.0,385.3465,422.276664,2.276663999999982,385.3471984863281,1.733423684938583,89667.81,490471.8098865027,cholestenone
SM-APDY4,450.0,371.3583,445.542918,-4.457082000000014,371.35894775390625,1.744282829451692,16550.99,8214.86256963236,coprostanol
SM-7I1G3,432.6,369.3519,437.519982,4.919982000000005,369.3520812988281,-0.032432936411482,71667.01,110362.9220951504,cholesterol
SM-7I1G3,420.0,385.3465,423.34635,3.346349999999973,385.3468933105469,1.363846266785348,138214.1,602560.6487533132,cholestenone
SM-7I1G3,450.0,371.3583,445.007988,-4.992011999999988,371.3586120605469,1.826461087282471,33819.18,0.0,coprostanol
SM-A77UY,432.6,369.3519,437.520018,4.920017999999971,369.35296630859375,2.005642208514614,70281.34,142359.6624138977,cholesterol
SM-A77UY,420.0,385.3465,415.590894,-4.409106000000008,385.34722900390625,2.31418819930582,83449.08,281249.1169903973,cholestenone
SM-A77UY,450.0,371.3583,446.07765,-3.922349999999995,371.3590087890625,1.908639345113251,67935.31,66075.63266783256,coprostanol
SM-9RD3K,432.6,369.3519,437.25255,4.652549999999963,369.3521728515625,0.821355299984796,30174.16,95096.44111784513,cholesterol
SM-9RD3K,420.0,385.3465,423.346296,3.346295999999995,385.3473205566406,1.548634975788209,95566.78,438856.5491752744,cholestenone
SM-9RD3K,450.0,371.3583,446.077686,-3.922313999999972,371.359130859375,1.333391540297793,26798.04,32677.47150431781,coprostanol
SM-5XHHR,432.6,369.3519,437.520072,4.920072000000005,369.35198974609375,0.518398183913684,81781.56,160021.8499635317,cholesterol
SM-5XHHR,420.0,385.3465,422.811564,2.811563999999976,385.3469543457031,1.179057557634974,149849.3,402702.7406117784,cholestenone
SM-5XHHR,450.0,371.3583,445.542948,-4.457051999999976,371.3589172363281,1.552533561128849,106449.7,169346.4994229531,coprostanol
SM-7D34K,432.6,369.3519,436.98543,4.385429999999985,369.3519592285156,0.848896856047224,71973.79,139348.4972193742,cholesterol
SM-7D34K,420.0,385.3465,421.474554,1.474554000000012,385.3472900390625,1.944610781005072,107942.7,563722.9655516793,cholestenone
SM-7D34K,450.0,371.3583,445.275684,-4.724315999999988,371.3590393066406,1.278606035128297,73131.47,89003.09838991976,coprostanol
SM-69UMY,432.6,369.3519,437.520318,4.920317999999952,369.35198974609375,-0.170140716415824,87890.25,146758.9192699168,cholesterol
SM-69UMY,420.0,385.3465,423.079164,3.079163999999992,385.34686279296875,0.756683365354482,104185.8,440148.7913804712,cholestenone
SM-69UMY,450.0,371.3583,445.008306,-4.991693999999995,371.3584899902344,1.525140808620636,96266.01,122430.7023027772,coprostanol
SM-6XTSU,432.6,369.3519,437.252646,4.652646000000004,369.3517761230469,-0.362931608545022,74262.38,140977.0395268808,cholesterol
SM-6XTSU,420.0,385.3465,424.416138,4.416137999999989,385.3475646972656,1.759822072002211,100009.8,395749.3615065121,cholestenone
SM-6XTSU,450.0,371.3583,445.00815,-4.99185,371.3586730957031,1.634711818959629,108546.4,189888.0891344362,coprostanol
SM-AW574,432.6,369.3519,436.450344,3.85034399999995,369.355224609375,8.87726043323983,114499.6,372317.1017770079,cholesterol
SM-AW574,420.0,385.3465,422.811594,2.811594000000014,385.3472900390625,1.997407555132329,134706.5,500979.9547950621,cholestenone
SM-AW574,450.0,371.3583,450.0,0.0,371.3583,0.0,0.0,0.0,coprostanol
SM-A18Z1,432.6,369.3519,428.427774,-4.172226000000023,369.351318359375,-0.541951722566056,29789.2,103151.6856221452,cholesterol
SM-A18Z1,420.0,385.3465,424.416396,4.41639600000002,385.3469543457031,2.023805942048444,76228.02,247234.2962848762,cholestenone
SM-A18Z1,450.0,371.3583,450.0,0.0,371.3583,0.0,0.0,0.0,coprostanol
SM-6GH65,432.6,369.3519,437.520174,4.920173999999975,369.3518981933594,0.160357955717716,105686.1,178748.6583253599,cholesterol
SM-6GH65,420.0,385.3465,423.881418,3.881417999999997,385.3467712402344,0.703886591374738,116331.9,524790.7152996598,cholestenone
SM-6GH65,450.0,371.3583,445.275558,-4.724442000000011,371.3589172363281,1.442962550789856,247783.2,330920.0234166006,coprostanol
SM-B4A4G,432.6,369.3519,433.77639,1.176389999999969,369.3523864746094,1.317103308185106,52618.13,196327.9867651353,cholesterol
SM-B4A4G,420.0,385.3465,421.474764,1.474763999999993,385.3471374511719,0.888675300525112,87118.75,437611.1673450533,cholestenone
SM-B4A4G,450.0,371.3583,445.00839,-4.99160999999998,371.3591003417969,1.634711818959629,75223.84,62752.17459083654,coprostanol
SM-77VQ3,432.6,369.3519,437.520252,4.920252000000005,369.3521728515625,0.518398183913684,156671.9,138304.6739737938,cholesterol
SM-77VQ3,420.0,385.3465,424.951122,4.951121999999998,385.34698486328125,1.390244653701463,556623.3,671651.0517356507,cholestenone
SM-77VQ3,450.0,371.3583,445.275642,-4.724357999999995,371.3583984375,2.689332794505657,24070.79,38817.21738992525,coprostanol
SM-7I9GC,432.6,369.3519,437.253288,4.653287999999975,369.3521728515625,0.435773515880299,47911.7,74310.89489669187,cholesterol
SM-7I9GC,420.0,385.3465,422.54466,2.544660000000022,385.3471374511719,2.525375295372309,142543.2,615020.3339381636,cholestenone
SM-7I9GC,450.0,371.3583,445.543548,-4.456452000000013,371.3592834472656,2.771511052336436,28549.75,60191.68275601231,coprostanol
SM-6ZJI9,432.6,369.3519,436.450482,3.850482,369.35546875,9.662194779556987,113855.9,291023.83742549,cholesterol
SM-6ZJI9,420.0,385.3465,416.92836,-3.071640000000002,385.346923828125,2.050204329112073,111655.9,422277.2386585263,cholestenone
SM-6ZJI9,450.0,371.3583,450.0,0.0,371.3583,0.0,0.0,0.0,coprostanol
SM-63ZAH,432.6,369.3519,428.962662,-3.637338,369.3519287109375,0.077733287684331,82452.18,166283.2489787939,cholesterol
SM-63ZAH,420.0,385.3465,418.800414,-1.199586000000011,385.3470764160156,1.205455944698602,94497.61,417653.5836960722,cholestenone
SM-63ZAH,450.0,371.3583,445.54317,-4.456830000000025,371.3592834472656,2.538672655098205,33332.08,73467.91741523944,coprostanol
SM-6KUC9,432.6,369.3519,437.520672,4.920671999999968,369.35205078125,-0.280306940511637,247453.1,138088.3440982694,cholesterol
SM-6KUC9,420.0,385.3465,424.951548,4.951548000000003,385.3470458984375,1.469439814744836,2915597.0,2135788.655386747,cholestenone
SM-6KUC9,450.0,371.3583,445.810926,-4.189074000000005,371.3587341308594,1.169035024636234,164621.2,219317.3711314592,coprostanol
SM-9Y7CW,432.6,369.3519,427.625436,-4.974564000000044,369.351806640625,-0.335390052482594,718889.7,1085261.815039559,cholesterol
SM-9Y7CW,420.0,385.3465,422.276808,2.276808000000017,385.3472900390625,2.050204329112073,210687.3,1163129.30676227,cholestenone
SM-9Y7CW,450.0,371.3583,450.0,0.0,371.3583,0.0,0.0,0.0,coprostanol
SM-9OS63,432.6,369.3519,427.626942,-4.973058000000037,369.35186767578125,-1.079012064783058,177449.5,181747.9613082196,cholesterol
SM-9OS63,420.0,385.3465,424.9527,4.952699999999993,385.3470764160156,1.575033362851837,177960.9,573971.9095178447,cholestenone
SM-9OS63,450.0,371.3583,445.009836,-4.990163999999993,371.3580627441406,-0.638886647640917,21262.49,0.0,coprostanol
SM-7EDA4,432.6,369.3519,427.625814,-4.974186000000032,369.3519592285156,0.325607291784486,148104.1,277583.4433960441,cholesterol
SM-7EDA4,420.0,385.3465,417.196182,-2.803817999999978,385.3469543457031,1.469439814744836,107214.0,543435.3943014798,cholestenone
SM-7EDA4,450.0,371.3583,450.0,0.0,371.3583,0.0,0.0,0.0,coprostanol
PREFA11,432.6,369.3519,437.52081,4.92080999999996,369.3519287109375,0.380690403755443,75212.09,166691.5246803224,cholesterol
PREFA11,420.0,385.3465,424.951686,4.951685999999995,385.3469543457031,1.495838201808464,193074.7,429362.8525091259,cholestenone
PREFA11,450.0,371.3583,445.276194,-4.723806000000025,371.3591003417969,1.908639345113251,31178.84,64989.13400070612,coprostanol
PREFB11,432.6,369.3519,427.625514,-4.974486000000013,369.3518371582031,0.022650175713375,78486.02,142904.8102093343,cholesterol
PREFB11,420.0,385.3465,419.602758,-0.397242000000006,385.3476257324219,3.290928518742407,122768.3,754889.6455988527,cholestenone
PREFB11,450.0,371.3583,446.078028,-3.921971999999983,371.3589782714844,1.579926313790132,32261.87,70550.6273702391,coprostanol
SM-ADYKC,432.6,369.3519,427.625466,-4.974534000000006,369.3518371582031,-0.032432936411482,72321.58,170686.9734767148,cholesterol
SM-ADYKC,420.0,385.3465,424.148844,4.148843999999997,385.347412109375,1.865415619961699,99556.13,442782.9604157809,cholestenone
SM-ADYKC,450.0,371.3583,450.0,0.0,371.3583,0.0,0.0,0.0,coprostanol
SM-7K1UO,432.6,369.3519,427.892796,-4.707204000000047,369.35186767578125,0.435773515880299,125373.3,275796.4548185776,cholesterol
SM-7K1UO,420.0,385.3465,419.06766,-0.932340000000011,385.34686279296875,1.099862396591601,92796.97,558892.9486348449,cholestenone
SM-7K1UO,450.0,371.3583,450.0,0.0,371.3583,0.0,0.0,0.0,coprostanol
SM-A5A1N,432.6,369.3519,427.625808,-4.974192000000016,369.351806640625,-0.280306940511637,1500660.0,2220363.576813826,cholesterol
SM-A5A1N,420.0,385.3465,424.951566,4.951566000000014,385.3471984863281,1.891814007025328,197949.3,601133.4561396213,cholestenone
SM-A5A1N,450.0,371.3583,450.0,0.0,371.3583,0.0,0.0,0.0,coprostanol
SM-AIRV5,432.6,369.3519,435.380808,2.780807999999979,369.35186767578125,0.490856627851256,52046.58,148559.6927911831,cholesterol
SM-AIRV5,420.0,385.3465,422.009436,2.009435999999994,385.34735107421875,2.103001103091817,141623.0,788358.270814839,cholestenone
SM-AIRV5,450.0,371.3583,445.008198,-4.991802000000007,371.35858154296875,1.30599878763651,96124.01,160451.0129599559,coprostanol
SM-9SIZM,432.6,369.3519,435.648438,3.048437999999976,369.3517761230469,1.688914314335338,48729.59,136880.075285136,cholesterol
SM-9SIZM,420.0,385.3465,422.811924,2.811923999999976,385.3472595214844,2.31418819930582,116129.4,462279.377782825,cholestenone
SM-9SIZM,450.0,371.3583,445.543314,-4.456685999999991,371.35894775390625,1.771675582112974,91288.26,142470.5610732,coprostanol
SM-AF6M6,432.6,369.3519,431.904564,-0.695436000000029,369.3513488769531,-0.624576390599441,30335.54,97770.05519687154,cholesterol
SM-AF6M6,420.0,385.3465,424.416564,4.416563999999994,385.34722900390625,2.18219626413519,139317.3,583095.9527354041,cholestenone
SM-AF6M6,450.0,371.3583,445.00857,-4.99142999999998,371.3591003417969,1.99081760294403,57493.68,79034.14330986765,coprostanol
SM-A2BG6,432.6,369.3519,437.520612,4.920612000000006,369.35247802734375,1.151853972118336,96054.25,191770.2523695896,cholesterol
SM-A2BG6,420.0,385.3465,424.951488,4.951487999999984,385.34722900390625,1.707025297874954,175718.3,474488.7961782175,cholestenone
SM-A2BG6,450.0,371.3583,445.27599,-4.724010000000021,371.3593444824219,2.703029170759764,185943.5,263231.8565625472,coprostanol
SM-7K1VZ,432.6,369.3519,435.648312,3.048311999999953,369.3549499511719,5.090296481658386,69708.41,166463.8073995863,cholesterol
SM-7K1VZ,420.0,385.3465,418.26555,-1.734449999999981,385.3473205566406,2.604570456415682,91585.86,474257.7550074835,cholestenone
SM-7K1VZ,450.0,371.3583,445.008318,-4.991682000000026,371.359619140625,3.113920459913662,156400.4,184714.2685023598,coprostanol
SM-734R8,432.6,369.3519,427.625556,-4.974444000000005,369.3519287109375,0.215441067688673,57313.97,85186.41478561555,cholesterol
SM-734R8,420.0,385.3465,416.661048,-3.338952000000006,385.3473815917969,2.155797877219074,86879.73,357279.6614610699,cholestenone
SM-734R8,450.0,371.3583,445.008444,-4.991556000000003,371.35888671875,1.251213282467014,26341.43,120604.5532848047,coprostanol
SM-7J5TO,432.6,369.3519,427.893012,-4.706988000000024,369.35174560546875,-0.197682272478252,242380.1,484011.6460091334,cholesterol
SM-7J5TO,420.0,385.3465,424.95126,4.951259999999991,385.3469543457031,1.390244653701463,100368.6,326093.4191036406,cholestenone
SM-7J5TO,450.0,371.3583,450.0,0.0,371.3583,0.0,0.0,0.0,coprostanol
SM-7CRWX,432.6,369.3519,427.892814,-4.707186000000036,369.3517761230469,-0.22522382838678,182923.0,335942.2120134834,cholesterol
SM-7CRWX,420.0,385.3465,420.93969,0.939689999999985,385.3468322753906,1.522236588872093,97873.96,507044.484183712,cholestenone
SM-7CRWX,450.0,371.3583,445.008198,-4.991802000000007,371.3592529296875,1.936032097774533,25605.64,52686.00567360989,coprostanol
SM-ACTNU,432.6,369.3519,428.16057,-4.439430000000016,369.3521728515625,0.986604636051566,491247.5,1002182.674546064,cholesterol
SM-ACTNU,420.0,385.3465,422.544564,2.54456399999998,385.3476867675781,2.472578521392565,107633.8,457787.4780348034,cholestenone
SM-ACTNU,450.0,371.3583,445.00857,-4.99142999999998,371.3589172363281,1.703193700536302,127133.3,153564.4031601764,coprostanol
SM-A2HYU,432.6,369.3519,427.625226,-4.974774000000025,369.35205078125,0.545939739822212,412607.2,735843.0455357352,cholesterol
SM-A2HYU,420.0,385.3465,424.950978,4.950978000000021,385.3470764160156,1.627830136831582,94785.21,337756.6106587175,cholestenone
SM-A2HYU,450.0,371.3583,445.542984,-4.45701600000001,371.359130859375,2.785207428590543,74238.5,73734.49677357989,coprostanol
SM-9P5FO,432.6,369.3519,427.893048,-4.706952000000001,369.3520202636719,-0.032432936411482,84610.63,153484.7399003834,cholesterol
SM-9P5FO,420.0,385.3465,424.951302,4.951301999999998,385.3470458984375,1.575033362851837,100065.4,319241.4384443076,cholestenone
SM-9P5FO,450.0,371.3583,450.0,0.0,371.3583,0.0,0.0,0.0,coprostanol
SM-A1C87,432.6,369.3519,437.52051,4.920509999999979,369.35186767578125,0.463315071788828,79650.56,116327.0510042843,cholesterol
SM-A1C87,420.0,385.3465,424.951386,4.951386000000014,385.34716796875,0.915073687441228,104600.2,236091.5232069408,cholestenone
SM-A1C87,450.0,371.3583,445.81077,-4.189230000000009,371.35894775390625,1.744282829451692,97397.33,206335.7707305407,coprostanol
SM-79RAY,432.6,369.3519,437.520438,4.92043799999999,369.3520202636719,0.545939739822212,71777.59,90010.64065234431,cholesterol
SM-79RAY,420.0,385.3465,424.951314,4.951314000000025,385.3467712402344,1.099862396591601,103440.6,294085.6709078116,cholestenone
SM-79RAY,450.0,371.3583,445.543314,-4.456685999999991,371.3585510253906,1.30599878763651,39889.54,107946.3729663924,coprostanol
SM-AAHYE,432.6,369.3519,434.044284,1.444283999999982,369.35528564453125,8.230033866927014,100909.8,408643.6537552366,cholesterol
SM-AAHYE,420.0,385.3465,424.684296,4.684296000000018,385.3474426269531,2.103001103091817,102076.7,352613.9401864254,cholestenone
SM-AAHYE,450.0,371.3583,450.0,0.0,371.3583,0.0,0.0,0.0,coprostanol
SM-7GYHL,432.6,369.3519,436.985574,4.385573999999963,369.3523254394531,1.441040310235183,54151.72,113742.2602491964,cholesterol
SM-7GYHL,420.0,385.3465,421.207314,1.207313999999997,385.3473205566406,2.18219626413519,103513.1,603999.6933250789,cholestenone
SM-7GYHL,450.0,371.3583,445.00833,-4.991669999999999,371.3587341308594,1.169035024636234,25224.47,32946.77133634552,coprostanol
SM-9NBDO,432.6,369.3519,434.578638,1.97863799999999,369.35272216796875,4.539465361487119,38156.38,156345.0171174706,cholesterol
SM-9NBDO,420.0,385.3465,422.277006,2.277005999999972,385.34716796875,1.9710091680687,100028.5,467156.4711024876,cholestenone
SM-9NBDO,450.0,371.3583,445.00827,-4.991730000000018,371.359130859375,1.579926313790132,77146.74,164332.5501495829,coprostanol
SM-6ZT3C,432.6,369.3519,437.253078,4.653077999999994,369.3522033691406,1.289561752122677,28418.08,91358.74891607759,cholesterol
SM-6ZT3C,420.0,385.3465,422.009712,2.009711999999979,385.34698486328125,1.311049492658091,100119.9,429096.4718914515,cholestenone
SM-6ZT3C,450.0,371.3583,445.27596,-4.724040000000002,371.35888671875,1.908639345113251,36835.31,51496.65954661593,coprostanol
PREFA12,432.6,369.3519,437.52045,4.92044999999996,369.3524169921875,0.793813743922367,71421.48,115434.794165918,cholesterol
PREFA12,420.0,385.3465,424.951314,4.951314000000025,385.34722900390625,2.327387392763878,168083.0,368061.5003164776,cholestenone
PREFA12,450.0,371.3583,445.008444,-4.991556000000003,371.359619140625,3.470026243898063,30696.17,18387.79526950204,coprostanol
PREFB12,432.6,369.3519,437.520792,4.920791999999949,369.352294921875,0.903979968018181,204049.4,169668.2303924947,cholesterol
PREFB12,420.0,385.3465,424.951668,4.951667999999984,385.3469543457031,1.284651105741975,791776.2,560521.4685048521,cholestenone
PREFB12,450.0,371.3583,445.811052,-4.188947999999982,371.3580017089844,-0.803243163302476,19368.87,14179.81792106252,coprostanol
SM-7FHYA,432.6,369.3519,429.408,-3.192000000000007,369.3516845703125,-0.583264056582749,25349.22,106959.9307497626,cholesterol
SM-7FHYA,420.0,385.3465,415.50174,-4.498260000000016,385.3470764160156,1.997407555132329,82041.7,262091.9043322088,cholestenone
SM-7FHYA,450.0,371.3583,445.988502,-4.011498000000017,371.359130859375,2.237352376436369,17845.93,11872.35912457918,coprostanol
SM-9T55H,432.6,369.3519,433.241526,0.641525999999999,369.3521423339844,0.656105963918026,27001.86,162367.2911888232,cholesterol
SM-9T55H,420.0,385.3465,417.195894,-2.80410599999999,385.3470458984375,1.258252718678347,80706.83,380204.109118276,cholestenone
SM-9T55H,450.0,371.3583,450.0,0.0,371.3583,0.0,0.0,0.0,coprostanol
SM-7CP2V,432.6,369.3519,437.5203,4.920299999999998,369.35198974609375,0.077733287684331,91248.98,157185.1001530907,cholesterol
SM-7CP2V,420.0,385.3465,424.951176,4.951175999999975,385.3469543457031,1.469439814744836,544126.0,400818.8610619323,cholestenone
SM-7CP2V,450.0,371.3583,445.008306,-4.991693999999995,371.35919189453125,2.401708892097928,22430.07,19756.92143074201,coprostanol
SM-73JXD,432.6,369.3519,437.520558,4.920557999999971,369.3519287109375,-0.004891380349053833,111979.0,155863.4060836217,cholesterol
SM-73JXD,420.0,385.3465,424.951434,4.951434000000006,385.3470764160156,1.284651105741975,111534.1,306303.3359052966,cholestenone
SM-73JXD,450.0,371.3583,445.276062,-4.723937999999976,371.359130859375,1.114249519466737,163610.7,190814.6708507172,coprostanol
SM-6M2VX,432.6,369.3519,429.764856,-2.835144000000014,369.3516540527344,-0.087516048382439,36629.21,135554.6441790816,cholesterol
SM-6M2VX,420.0,385.3465,418.26546,-1.734539999999981,385.34716796875,2.129399490155446,89890.87,414949.3030650243,cholestenone
SM-6M2VX,450.0,371.3583,445.27572,-4.724280000000022,371.3593444824219,2.812600181251826,16318.17,0.0,coprostanol
SM-6XJUC,432.6,369.3519,427.625346,-4.974654000000044,369.3520812988281,0.490856627851256,45305.92,139602.7878677587,cholesterol
SM-6XJUC,420.0,385.3465,420.672216,0.672215999999992,385.34722900390625,2.287789812242191,192854.0,523884.7524344231,cholestenone
SM-6XJUC,450.0,371.3583,445.2756,-4.724400000000003,371.3587951660156,2.155174118605589,46409.41,135234.695605688,coprostanol
SM-A3744,432.6,369.3519,437.25285,4.652850000000001,369.35186767578125,-0.362931608545022,53988.97,107810.7183313832,cholesterol
SM-A3744,420.0,385.3465,424.951218,4.951217999999983,385.34710693359375,1.759822072002211,340117.5,376479.5066900586,cholestenone
SM-A3744,450.0,371.3583,450.0,0.0,371.3583,0.0,0.0,0.0,coprostanol
SM-AEB6U,432.6,369.3519,435.380874,2.780873999999983,369.3521728515625,1.275790974168413,51933.15,104993.7394578019,cholesterol
SM-AEB6U,420.0,385.3465,424.951248,4.951248000000021,385.3475646972656,2.18219626413519,93244.74,307907.5566942793,cholestenone
SM-AEB6U,450.0,371.3583,450.0,0.0,371.3583,0.0,0.0,0.0,coprostanol
SM-9U26Q,432.6,369.3519,429.765288,-2.834712000000025,369.3522644042969,0.408231959817871,25565.61,125362.6055828969,cholesterol
SM-9U26Q,420.0,385.3465,421.742406,1.742406000000017,385.347412109375,1.944610781005072,74991.45,395258.4761105205,cholestenone
SM-9U26Q,450.0,371.3583,445.00866,-4.99133999999998,371.3596496582031,3.634382759559622,27350.64,0.0,coprostanol
SM-AVADL,432.6,369.3519,436.45107,3.851069999999993,369.3529052734375,2.72172266475265,35130.15,113756.8391260573,cholesterol
SM-AVADL,420.0,385.3465,420.940182,0.940181999999993,385.3469543457031,1.495838201808464,87163.63,423829.8278191736,cholestenone
SM-AVADL,450.0,371.3583,445.811076,-4.188923999999986,371.359130859375,2.237352376436369,18137.16,0.0,coprostanol
SM-A5A1V,432.6,369.3519,435.381084,2.781083999999964,369.3522644042969,0.711189075888982,101400.4,237378.8550323259,cholesterol
SM-A5A1V,420.0,385.3465,421.47483,1.474829999999997,385.34698486328125,1.9710091680687,106535.9,486168.4733848141,cholestenone
SM-A5A1V,450.0,371.3583,445.008462,-4.991537999999991,371.35894775390625,1.442962550789856,206856.4,327032.3345511674,coprostanol
SM-9ZK9F,432.6,369.3519,437.521134,4.921133999999995,369.35247802734375,0.738730631951411,82160.13,106216.4478931251,cholesterol
SM-9ZK9F,420.0,385.3465,422.277744,2.277743999999984,385.3478698730469,2.815757552482171,103572.1,397346.1561860322,cholestenone
SM-9ZK9F,450.0,371.3583,445.276506,-4.723494000000017,371.3590087890625,2.100388613436093,148310.7,163623.0826450053,coprostanol
SM-ADICO,432.6,369.3519,437.520462,4.920461999999986,369.3526611328125,0.986604636051566,94758.95,194552.5479331308,cholesterol
SM-ADICO,420.0,385.3465,424.951338,4.951338000000021,385.34747314453125,2.472578521392565,185185.3,392930.8937575047,cholestenone
SM-ADICO,450.0,371.3583,445.543212,-4.456788000000017,371.35906982421875,1.716890076790409,165690.1,266176.5140276178,coprostanol
SM-9R78F,432.6,369.3519,437.520072,4.920072000000005,369.3525085449219,1.096770860147379,159389.3,235575.0478438742,cholesterol
SM-9R78F,420.0,385.3465,424.951068,4.951068000000021,385.3471374511719,1.601431749915466,6890407.0,2248861.340081064,cholestenone
SM-9R78F,450.0,371.3583,454.902954,4.902954000000023,371.35882568359375,1.497748055959353,98419.54,17470.50973196635,coprostanol
SM-6ZUH2,432.6,369.3519,437.25318,4.653179999999964,369.3522644042969,1.014146192113994,88610.32,177677.1257363599,cholesterol
SM-6ZUH2,420.0,385.3465,424.684056,4.684055999999998,385.3471374511719,1.997407555132329,145240.2,495678.5825631682,cholestenone
SM-6ZUH2,450.0,371.3583,445.543434,-4.456566000000009,371.35894775390625,1.47035530329807,62318.95,76025.84192240605,coprostanol
SM-7NH6E,432.6,369.3519,432.973914,0.373913999999957,369.3517150878906,-0.500639388549364,29291.2,197117.0035818551,cholesterol
SM-7NH6E,420.0,385.3465,424.416282,4.416282000000024,385.3475341796875,2.498976908308681,110457.5,322066.4436888408,cholestenone
SM-7NH6E,450.0,371.3583,450.0,0.0,371.3583,0.0,0.0,0.0,coprostanol
SM-7AMI9,432.6,369.3519,435.915522,3.315521999999987,369.352294921875,2.336140880648153,58963.32,134340.5688263035,cholesterol
SM-7AMI9,420.0,385.3465,423.61389,3.613890000000026,385.3475646972656,2.472578521392565,104717.4,396955.1002536964,cholestenone
SM-7AMI9,450.0,371.3583,446.34528,-3.654719999999998,371.3596496582031,3.634382759559622,27873.28,81768.93542648916,coprostanol
SM-7I1FQ,432.6,369.3519,434.579112,1.979111999999987,369.3554992675781,6.687706730355128,82580.61,198695.4912055607,cholesterol
SM-7I1FQ,420.0,385.3465,418.533492,-1.466507999999976,385.3472595214844,3.502115614956409,95740.74,381305.6505531338,cholestenone
SM-7I1FQ,450.0,371.3583,445.811118,-4.188881999999978,371.3589172363281,2.03190673185942,32513.36,66003.59413781832,coprostanol
SM-6RB9P,432.6,369.3519,433.50951,0.909509999999955,369.3519287109375,0.242982623751101,32506.61,157622.4270978544,cholesterol
SM-6RB9P,420.0,385.3465,417.998622,-2.001377999999988,385.3472900390625,2.18219626413519,77349.44,440626.1298756646,cholestenone
SM-6RB9P,450.0,371.3583,450.0,0.0,371.3583,0.0,0.0,0.0,coprostanol
SM-7IL1G,432.6,369.3519,436.451232,3.851231999999982,369.3523864746094,1.647601980318646,38024.16,103450.0596440574,cholesterol
SM-7IL1G,420.0,385.3465,419.60322,-0.396779999999978,385.34722900390625,2.366984973285564,110419.4,302497.2972519513,cholestenone
SM-7IL1G,450.0,371.3583,445.811238,-4.188761999999997,371.35931396484375,2.730421923421047,21111.7,54795.00462742923,coprostanol
SM-6AXJO,432.6,369.3519,435.114516,2.514515999999958,369.3524169921875,1.275790974168413,28176.92,122816.8215946117,cholesterol
SM-6AXJO,420.0,385.3465,419.336256,-0.663744000000008,385.3475646972656,2.894952713525544,81548.36,424483.475195272,cholestenone
SM-6AXJO,450.0,371.3583,454.636776,4.636775999999998,371.3591613769531,2.607154536674877,18115.16,4314.871399412481,coprostanol
SM-6ZKT1,432.6,369.3519,435.648882,3.048881999999992,369.3524169921875,1.895475984418801,20546.09,99125.4383966835,cholesterol
SM-6ZKT1,420.0,385.3465,421.475256,1.475256000000002,385.34747314453125,2.525375295372309,99071.0,386266.5655972402,cholestenone
SM-6ZKT1,450.0,371.3583,445.811142,-4.188857999999982,371.35858154296875,0.881411122228506,19231.58,4821.468062437031,coprostanol
SM-7BF2M,432.6,369.3519,431.637288,-0.962712000000011,369.3511962890625,-1.905258745116908,28795.53,91717.10844007603,cholesterol
SM-7BF2M,420.0,385.3465,419.068266,-0.931734000000006,385.3476867675781,3.185334970782919,75225.24,193517.7412506612,cholestenone
SM-7BF2M,450.0,371.3583,446.34591,-3.654089999999997,371.3594665527344,2.853689310167216,30248.14,32176.88339879889,coprostanol
SM-APDWQ,432.6,369.3519,431.369766,-1.230233999999996,369.35260009765625,0.903979968018181,35492.5,175980.1646050467,cholesterol
SM-APDWQ,420.0,385.3465,420.672642,0.672641999999996,385.3465576171875,1.337447879721719,88213.08,487544.6233879754,cholestenone
SM-APDWQ,450.0,371.3583,450.0,0.0,371.3583,0.0,0.0,0.0,coprostanol
SM-7I9G4,432.6,369.3519,434.31162,1.711619999999982,369.35235595703125,1.936788318435493,23261.43,113555.1911805178,cholesterol
SM-7I9G4,420.0,385.3465,423.881862,3.881862000000012,385.3468322753906,1.839017233045584,80707.82,308035.4357169975,cholestenone
SM-7I9G4,450.0,371.3583,445.008618,-4.991381999999987,371.3591003417969,2.374316139436646,67715.38,70892.68024715575,coprostanol
SM-61YN5,432.6,369.3519,435.915546,3.315545999999983,369.3554382324219,8.588074095122982,84197.6,202713.7768619611,cholesterol
SM-61YN5,420.0,385.3465,423.079038,3.079038000000025,385.3471374511719,1.839017233045584,89294.98,315155.6259967626,cholestenone
SM-61YN5,450.0,371.3583,445.008054,-4.991945999999985,371.3595886230469,3.52481174906756,66772.78,37976.21191600739,coprostanol
SM-6XJTN,432.6,369.3519,436.450224,3.850223999999969,369.35223388671875,1.206937084089292,54343.86,128215.110666474,cholesterol
SM-6XJTN,420.0,385.3465,423.613728,3.613727999999981,385.34722900390625,3.079741422675918,82890.44,315974.4034595122,cholestenone
SM-6XJTN,450.0,371.3583,445.007976,-4.992024000000015,371.3591613769531,2.538672655098205,138174.0,167604.357389467,coprostanol
SM-76LBZ,432.6,369.3519,436.985904,4.385903999999982,369.3525390625,1.427269532280919,28116.75,99229.36479407788,cholesterol
SM-76LBZ,420.0,385.3465,421.207644,1.207644000000016,385.3475646972656,2.498976908308681,130818.2,624050.9042272962,cholestenone
SM-76LBZ,450.0,371.3583,450.0,0.0,371.3583,0.0,0.0,0.0,coprostanol
SM-6DRTP,432.6,369.3519,432.706416,0.106415999999967,369.3521728515625,0.738730631951411,38651.65,242903.7407903373,cholesterol
SM-6DRTP,420.0,385.3465,421.7418,1.741800000000012,385.34722900390625,2.234993038262447,122658.3,588515.3491599729,cholestenone
SM-6DRTP,450.0,371.3583,450.0,0.0,371.3583,0.0,0.0,0.0,coprostanol
SM-9W7VZ,432.6,369.3519,437.52039,4.920389999999998,369.3529052734375,3.38272000901973,90242.87,170642.8380170058,cholesterol
SM-9W7VZ,420.0,385.3465,423.079266,3.079266000000018,385.34820556640625,4.003684968132761,135681.6,564383.6061465472,cholestenone
SM-9W7VZ,450.0,371.3583,450.0,0.0,371.3583,0.0,0.0,0.0,coprostanol
SM-7F43P,432.6,369.3519,436.985286,4.385285999999951,369.35284423828125,2.446307104590066,66625.23,207251.7004342273,cholesterol
SM-7F43P,420.0,385.3465,422.276784,2.276784000000021,385.34783935546875,3.264530131826291,148820.9,528262.2736610079,cholestenone
SM-7F43P,450.0,371.3583,446.61267,-3.38733000000002,371.3600158691406,3.593293630644233,26503.72,23568.62126077716,coprostanol
SM-77M5K,432.6,369.3519,428.694774,-3.905226000000027,369.35174560546875,-0.418014720515979,147441.9,0.0,cholesterol
SM-77M5K,420.0,385.3465,424.95078,4.950780000000009,385.3474426269531,3.185334970782919,246298.5,607532.055718597,cholestenone
SM-77M5K,450.0,371.3583,450.0,0.0,371.3583,0.0,0.0,0.0,coprostanol
SM-7K1V5,432.6,369.3519,437.252754,4.652753999999959,369.3524169921875,1.675143536381074,69014.98,123629.7545659622,cholesterol
SM-7K1V5,420.0,385.3465,422.276874,2.276874000000021,385.3477478027344,3.475717227892781,101531.5,531520.8809625458,cholestenone
SM-7K1V5,450.0,371.3583,445.275642,-4.724357999999995,371.35955810546875,1.703193700536302,52387.93,155596.3485246262,coprostanol
SM-6ZJI5,432.6,369.3519,429.497388,-3.102612000000022,369.3517150878906,-0.500639388549364,43146.41,165499.8240112145,cholesterol
SM-6ZJI5,420.0,385.3465,422.544258,2.544258000000013,385.3480224609375,3.000546261632545,112381.1,456490.4957865362,cholestenone
SM-6ZJI5,450.0,371.3583,445.008144,-4.991855999999984,371.3592224121094,1.689497324282195,139999.6,182191.7561811665,coprostanol
SM-A77UI,432.6,369.3519,437.520072,4.920072000000005,369.3525695800781,1.275790974168413,57338.81,69354.76006463818,cholesterol
SM-A77UI,420.0,385.3465,422.811444,2.811443999999995,385.3471984863281,2.578172069352053,84089.97,394365.080717882,cholestenone
SM-A77UI,450.0,371.3583,450.0,0.0,371.3583,0.0,0.0,0.0,coprostanol
SM-9J5IX,432.6,369.3519,427.893192,-4.706808000000024,369.35223388671875,0.903979968018181,35520.85,157284.846900967,cholesterol
SM-9J5IX,420.0,385.3465,421.474932,1.474932000000024,385.3471984863281,2.327387392763878,134651.8,268657.6314395417,cholestenone
SM-9J5IX,450.0,371.3583,445.275948,-4.724051999999972,371.3593444824219,2.894778439082606,77170.83,80361.13631181131,coprostanol
SM-9SNJ8,432.6,369.3519,436.183164,3.583163999999954,369.35223388671875,1.923017540481229,63648.18,121277.1028048272,cholesterol
SM-9SNJ8,420.0,385.3465,418.800276,-1.199724000000003,385.34747314453125,2.8421559395458,91601.1,467092.9938349029,cholestenone
SM-9SNJ8,450.0,371.3583,445.543038,-4.456961999999976,371.359130859375,2.483887149928708,32975.08,14743.37747147543,coprostanol
SM-AMR2U,432.6,369.3519,436.98477,4.384770000000003,369.35284423828125,2.39122399261911,73379.04,172305.8810222421,cholesterol
SM-AMR2U,420.0,385.3465,424.415658,4.415658000000008,385.347412109375,2.472578521392565,85273.46,332839.8833278521,cholestenone
SM-AMR2U,450.0,371.3583,445.007646,-4.992353999999978,371.35943603515625,2.456494397267425,109825.5,203688.3979146775,coprostanol
SM-9ZE8H,432.6,369.3519,437.520066,4.920065999999963,369.352294921875,1.950559096389757,63846.64,88980.98836667764,cholesterol
SM-9ZE8H,420.0,385.3465,422.009316,2.009316000000013,385.3475036621094,2.815757552482171,75443.23,359933.669398372,cholestenone
SM-9ZE8H,450.0,371.3583,445.008066,-4.991934000000015,371.35919189453125,2.703029170759764,160336.8,185888.8216635661,coprostanol
SM-7CP2F,432.6,369.3519,437.525028,4.925027999999998,369.35235595703125,1.592518868347689,101384.4,153807.2235984032,cholesterol
SM-7CP2F,420.0,385.3465,424.955898,4.955897999999991,385.34765625,2.762960778502427,109253.1,281992.6025403531,cholestenone
SM-7CP2F,450.0,371.3583,445.013028,-4.98697199999998,371.3594970703125,2.75781467608233,36950.84,46772.38782847171,coprostanol
PREFA14,432.6,369.3519,435.915606,3.315606000000003,369.35394287109375,3.21747067295296,66511.64,162928.8496408458,cholesterol
PREFA14,420.0,385.3465,423.613848,3.613848000000019,385.34814453125,2.683765617459054,129150.9,529481.8991478836,cholestenone
PREFA14,450.0,371.3583,445.008102,-4.991897999999992,371.3595886230469,2.483887149928708,21464.04,0.0,coprostanol
PREFB14,432.6,369.3519,437.519934,4.919933999999955,369.3526611328125,1.620060424256217,96521.03,155787.4164286185,cholesterol
PREFB14,420.0,385.3465,424.950936,4.950936000000013,385.34759521484375,2.710164004522683,195092.3,408982.4445727534,cholestenone
PREFB14,450.0,371.3583,445.275438,-4.724561999999992,371.3592224121094,2.976956696913385,32292.9,43918.06118010964,coprostanol
SM-6Q4FM,432.6,369.3519,437.519802,4.919802000000004,369.3527526855469,4.401757581482777,54099.44,34820.55663956414,cholesterol
SM-6Q4FM,420.0,385.3465,421.74168,1.741679999999974,385.3476257324219,3.554912388936154,213193.4,910430.2814478881,cholestenone
SM-6Q4FM,450.0,371.3583,450.0,0.0,371.3583,0.0,0.0,0.0,coprostanol
SM-71ZV9,432.6,369.3519,437.520174,4.920173999999975,369.3526611328125,1.509894200314304,225029.7,166005.8603890363,cholesterol
SM-71ZV9,420.0,385.3465,424.951056,4.951055999999994,385.3474426269531,2.234993038262447,647846.7,660720.1322017439,cholestenone
SM-71ZV9,450.0,371.3583,445.543056,-4.456944000000021,371.3592224121094,3.168705965236228,117123.6,102120.7034569223,coprostanol
SM-7M36P,432.6,369.3519,437.52039,4.920389999999998,369.35247802734375,1.812851316385415,103278.6,162583.8721992501,cholesterol
SM-7M36P,420.0,385.3465,424.951242,4.951241999999979,385.3476867675781,2.868554326609428,115806.6,417647.9585839439,cholestenone
SM-7M36P,450.0,371.3583,445.008372,-4.991627999999992,371.3591003417969,2.894778439082606,64683.02,90452.72405525093,coprostanol
SM-9WYEF,432.6,369.3519,437.252892,4.652891999999952,369.3525390625,1.317103308185106,120503.5,301253.785259495,cholesterol
SM-9WYEF,420.0,385.3465,424.951272,4.951272000000017,385.3475036621094,2.498976908308681,647697.5,766559.5135074832,cholestenone
SM-9WYEF,450.0,371.3583,454.903146,4.903145999999993,371.35870361328125,1.579926313790132,96540.29,0.0,coprostanol
SM-7I1G7,432.6,369.3519,436.450608,3.850607999999966,369.3525085449219,0.876438411955752,75123.44,148582.297511133,cholesterol
SM-7I1G7,420.0,385.3465,423.07923,3.079229999999995,385.3475646972656,2.525375295372309,116696.5,517631.6304061699,cholestenone
SM-7I1G7,450.0,371.3583,445.008354,-4.991646000000003,371.3593444824219,2.018210355605313,155853.4,253111.7316160945,coprostanol
SM-7BP5K,432.6,369.3519,437.520024,4.920023999999955,369.35235595703125,1.014146192113994,185196.9,176972.7976527963,cholesterol
SM-7BP5K,420.0,385.3465,424.950894,4.950894000000005,385.347412109375,2.472578521392565,130832.4,317415.3228613709,cholestenone
SM-7BP5K,450.0,371.3583,445.007898,-4.992101999999989,371.3592224121094,2.456494397267425,265341.6,240266.4714347909,coprostanol
SM-689O4,432.6,369.3519,437.520366,4.920366000000001,369.3526611328125,1.757768204414459,268904.8,295421.4374351177,cholesterol
SM-689O4,420.0,385.3465,424.95123,4.95123000000001,385.347412109375,1.944610781005072,432439.9,440442.8048959419,cholestenone
SM-689O4,450.0,371.3583,445.008372,-4.991627999999992,371.3592834472656,2.483887149928708,290668.0,365001.1157381016,coprostanol
SM-6ZEVH,432.6,369.3519,437.520342,4.920342000000005,369.3522033691406,1.427269532280919,129072.0,165579.6683028828,cholesterol
SM-6ZEVH,420.0,385.3465,423.881598,3.881597999999997,385.34722900390625,2.578172069352053,144756.3,502490.9855694641,cholestenone
SM-6ZEVH,450.0,371.3583,445.008348,-4.991651999999988,371.3592529296875,2.292137881605866,336176.3,348132.8314589347,coprostanol
SM-6KUCD,432.6,369.3519,437.520288,4.920287999999971,369.35198974609375,0.160357955717716,71721.01,140327.7226399855,cholesterol
SM-6KUCD,420.0,385.3465,421.47465,1.474649999999997,385.34710693359375,1.733423684938583,130170.7,523419.7036548954,cholestenone
SM-6KUCD,450.0,371.3583,445.008282,-4.991717999999992,371.35943603515625,2.209959623775086,154411.0,194043.8713851201,coprostanol
SM-9IT11,432.6,369.3519,437.520066,4.920065999999963,369.3525390625,1.344644864247534,106485.9,192506.356955581,cholesterol
SM-9IT11,420.0,385.3465,424.950936,4.950936000000013,385.34783935546875,3.15893658371929,150688.3,374543.2586968857,cholestenone
SM-9IT11,450.0,371.3583,445.008072,-4.991927999999973,371.3589782714844,2.620850912928984,334558.3,241776.9878743898,coprostanol
SM-6FNW6,432.6,369.3519,437.520222,4.920221999999967,369.3520202636719,0.738730631951411,114347.9,175904.6432575403,cholesterol
SM-6FNW6,420.0,385.3465,424.951098,4.951098000000002,385.34722900390625,1.839017233045584,475786.7,596131.5038809463,cholestenone
SM-6FNW6,450.0,371.3583,454.902978,4.902978000000019,371.35906982421875,0.867714745974399,49036.64,9746.392974118027,coprostanol
SM-6ZEUG,432.6,369.3519,437.520186,4.920186000000001,369.35260009765625,1.179395528180764,115791.1,160719.1075775659,cholesterol
SM-6ZEUG,420.0,385.3465,424.951062,4.951061999999979,385.3469543457031,1.839017233045584,406292.1,649902.3508706344,cholestenone
SM-6ZEUG,450.0,371.3583,445.008192,-4.991807999999992,371.3598327636719,4.456165337867418,38886.51,53370.56460343287,coprostanol
SM-77M69,432.6,369.3519,437.520006,4.920006000000001,369.3523864746094,1.206937084089292,207837.0,298036.9663342191,cholesterol
SM-77M69,420.0,385.3465,421.741752,1.74175200000002,385.34735107421875,1.9710091680687,117805.3,591821.4734452958,cholestenone
SM-77M69,450.0,371.3583,445.27551,-4.724490000000003,371.3590393066406,2.182566871266872,221000.9,289372.5513099847,coprostanol
SM-7HXJW,432.6,369.3519,437.52087,4.920869999999979,369.35235595703125,1.509894200314304,88749.88,150690.2508970324,cholesterol
SM-7HXJW,420.0,385.3465,424.149486,4.149486000000024,385.34735107421875,2.287789812242191,123367.0,386054.5721058597,cholestenone
SM-7HXJW,450.0,371.3583,445.008876,-4.991124000000014,371.3590393066406,2.346923386928431,433629.6,506388.9114584478,coprostanol
SM-6OSOU,432.6,369.3519,436.450014,3.850013999999987,369.3526306152344,1.372186420156062,64082.78,95425.68611949054,cholesterol
SM-6OSOU,420.0,385.3465,424.950636,4.950635999999975,385.3472900390625,1.627830136831582,460083.2,902609.3396224068,cholestenone
SM-6OSOU,450.0,371.3583,445.275132,-4.724868000000015,371.35931396484375,2.730421923421047,89867.75,160002.0394845828,coprostanol
SM-67WTX,432.6,369.3519,434.845824,2.245823999999971,369.3527526855469,3.437803120990686,77646.26,220170.5027422321,cholesterol
SM-67WTX,420.0,385.3465,423.346446,3.346446000000014,385.3471374511719,1.733423684938583,133798.8,547781.9140970841,cholestenone
SM-67WTX,450.0,371.3583,445.008084,-4.991916000000003,371.3590393066406,2.429101644759211,130466.5,60124.35201934169,coprostanol
SM-6XTSQ,432.6,369.3519,435.38094,2.780939999999987,369.35223388671875,0.408231959817871,71914.85,196717.2962724549,cholesterol
SM-6XTSQ,420.0,385.3465,420.939804,0.939803999999981,385.34820556640625,2.921351100589172,109296.7,682813.2513985723,cholestenone
SM-6XTSQ,450.0,371.3583,445.008318,-4.991682000000026,371.35894775390625,1.415569798128573,164248.5,179088.2819713002,coprostanol
SM-6EFPD,432.6,369.3519,434.845818,2.245817999999986,369.3524475097656,1.482352644251876,89990.34,387426.7364804497,cholesterol
SM-6EFPD,420.0,385.3465,424.951062,4.951061999999979,385.34722900390625,1.759822072002211,170360.0,461735.1914747988,cholestenone
SM-6EFPD,450.0,371.3583,445.275564,-4.724436000000026,371.3590393066406,2.07299586077481,195749.3,300731.4991642157,coprostanol
SM-61NJ9,432.6,369.3519,429.764766,-2.835234000000014,369.3522033691406,0.821355299984796,103771.7,218154.4567726754,cholesterol
SM-61NJ9,420.0,385.3465,424.683642,4.68364200000002,385.34710693359375,1.179057557634974,117392.8,428272.5771917924,cholestenone
SM-61NJ9,450.0,371.3583,445.008144,-4.991855999999984,371.3590393066406,2.07299586077481,163621.3,140377.6420252371,coprostanol
PREFA15,432.6,369.3519,437.2527,4.652699999999982,369.35223388671875,1.179395528180764,86649.4,121706.0141558623,cholesterol
PREFA15,420.0,385.3465,424.951074,4.951074000000006,385.3473205566406,2.208594651198818,303220.6,344219.8375633097,cholestenone
PREFA15,450.0,371.3583,445.008084,-4.991916000000003,371.3587646484375,2.319530634267148,33625.37,29002.32315209218,coprostanol
PREFB15,432.6,369.3519,427.893264,-4.706736000000035,369.3516540527344,-0.665888724616134,42132.94,157046.0671221211,cholesterol
PREFB15,420.0,385.3465,424.951518,4.951518000000021,385.3470458984375,1.311049492658091,121247.9,395023.2115354684,cholestenone
PREFB15,450.0,371.3583,445.543512,-4.456487999999979,371.3597106933594,3.305669728236504,37900.41,80038.32904306144,coprostanol
SM-76EOD,432.6,369.3519,436.182828,3.58282799999995,369.35247802734375,1.840392872447844,80254.5,210921.0901147803,cholesterol
SM-76EOD,420.0,385.3465,420.404562,0.404561999999999,385.3473815917969,3.581310775999782,114981.2,607126.4781141914,cholestenone
SM-76EOD,450.0,371.3583,445.007826,-4.992173999999977,371.35955810546875,2.867385686421323,312372.0,336329.4994710412,coprostanol
SM-7K1UW,432.6,369.3519,436.450038,3.850037999999984,369.35235595703125,0.119045621701024,63226.96,149963.8820132467,cholesterol
SM-7K1UW,420.0,385.3465,421.206666,1.206665999999984,385.34747314453125,2.498976908308681,106833.9,632180.1835377329,cholestenone
SM-7K1UW,450.0,371.3583,445.54266,-4.457339999999988,371.35906982421875,2.1140849896902,31221.6,47181.02369049606,coprostanol
SM-6ZEVL,432.6,369.3519,437.252916,4.652916000000005,369.3529357910156,3.850926461157611,94624.4,127412.3112472613,cholesterol
SM-6ZEVL,420.0,385.3465,424.951164,4.951164000000006,385.347412109375,2.103001103091817,199795.4,353834.9304815656,cholestenone
SM-6ZEVL,450.0,371.3583,447.147672,-2.852328,371.3604431152344,5.771017463159891,30457.06,0.0,coprostanol
SM-77FXF,432.6,369.3519,437.51997,4.919969999999978,369.35235595703125,1.812851316385415,153219.8,181077.864634356,cholesterol
SM-77FXF,420.0,385.3465,424.950834,4.950833999999986,385.3476257324219,2.498976908308681,178744.1,385685.4232398466,cholestenone
SM-77FXF,450.0,371.3583,445.54272,-4.457280000000026,371.3582763671875,-0.06363884282546,31625.33,16136.58002282804,coprostanol
SM-9QVJX,432.6,369.3519,434.044134,1.444133999999963,369.3553161621094,8.670698763156368,85221.52,237063.9899018027,cholesterol
SM-9QVJX,420.0,385.3465,416.126364,-3.873635999999976,385.3482666015625,2.9477494876528,107217.0,318668.4048840965,cholestenone
SM-9QVJX,450.0,371.3583,445.00863,-4.991370000000018,371.3594665527344,2.1140849896902,32994.16,28109.10999526826,coprostanol
SM-7F1RS,432.6,369.3519,437.520468,4.920467999999971,369.35260009765625,1.289561752122677,71329.09,144425.0546858195,cholesterol
SM-7F1RS,420.0,385.3465,422.009718,2.009718000000021,385.34716796875,2.551773682435937,118923.5,490189.2235910776,cholestenone
SM-7F1RS,450.0,371.3583,445.008474,-4.991526000000022,371.3597106933594,2.730421923421047,24972.73,32313.99371633794,coprostanol
SM-A7J1H,432.6,369.3519,431.369076,-1.230924000000016,369.35211181640625,0.986604636051566,52034.56,172057.9998736787,cholesterol
SM-A7J1H,420.0,385.3465,422.54394,2.543940000000021,385.34759521484375,2.63096884347931,94073.13,435554.3412287774,cholestenone
SM-A7J1H,450.0,371.3583,445.542702,-4.45729799999998,371.3588562011719,1.908639345113251,31320.41,28334.70950868737,coprostanol
SM-ARMCB,432.6,369.3519,437.520162,4.920162000000005,369.3522033691406,0.518398183913684,85846.13,104841.4407266433,cholesterol
SM-ARMCB,420.0,385.3465,424.951026,4.951026000000013,385.3469543457031,1.469439814744836,230427.2,321040.8608812754,cholestenone
SM-ARMCB,450.0,371.3583,446.34516,-3.654839999999979,371.359375,2.894778439082606,18244.55,0.0,coprostanol
SM-7GFUX,432.6,369.3519,437.519928,4.91992799999997,369.35272216796875,1.399727976218491,47613.45,144803.307394341,cholesterol
SM-7GFUX,420.0,385.3465,424.950792,4.950791999999979,385.3474426269531,1.9710091680687,180398.6,315529.4040761721,cholestenone
SM-7GFUX,450.0,371.3583,450.0,0.0,371.3583,0.0,0.0,0.0,coprostanol
SM-6Y2UL,432.6,369.3519,429.764964,-2.835036000000002,369.3518371582031,0.366919625801179,77820.74,198124.3298356118,cholesterol
SM-6Y2UL,420.0,385.3465,418.532952,-1.467047999999977,385.3473205566406,2.446180134328936,99204.94,466099.4569902923,cholestenone
SM-6Y2UL,450.0,371.3583,445.275714,-4.724286000000006,371.359130859375,2.155174118605589,32603.69,16172.06766793937,coprostanol
SM-6MSSO,432.6,369.3519,427.625262,-4.974738000000002,369.352294921875,0.780042965968103,105480.1,218256.3599564151,cholesterol
SM-6MSSO,420.0,385.3465,424.951026,4.951026000000013,385.34735107421875,1.865415619961699,187612.3,443042.3433104902,cholestenone
SM-6MSSO,450.0,371.3583,445.275522,-4.724477999999976,371.3587341308594,1.169035024636234,25650.47,0.0,coprostanol
SM-5ZNHS,432.6,369.3519,428.962218,-3.637782000000016,369.35174560546875,-1.533447738966676,41804.43,92473.02489164576,cholesterol
SM-5ZNHS,420.0,385.3465,417.730338,-2.269661999999983,385.3470153808594,1.179057557634974,91955.07,382644.7461103372,cholestenone
SM-5ZNHS,450.0,371.3583,446.077608,-3.922392000000002,371.3587646484375,1.251213282467014,21685.47,15346.25917945293,coprostanol
SM-7AA21,432.6,369.3519,437.519928,4.91992799999997,369.35235595703125,0.187899511780145,115907.4,173686.1387102582,cholesterol
SM-7AA21,420.0,385.3465,421.741674,1.741673999999989,385.3476257324219,1.918212394088956,132089.1,627015.1676057742,cholestenone
SM-7AA21,450.0,371.3583,445.007934,-4.992066000000023,371.35888671875,2.511279902589991,60895.3,143055.9463296577,coprostanol
SM-ADDF5,432.6,369.3519,437.519934,4.919933999999955,369.3522033691406,0.876438411955752,259651.8,179093.7431591772,cholesterol
SM-ADDF5,420.0,385.3465,421.741806,1.741805999999997,385.3470458984375,1.311049492658091,101848.5,518619.9880375908,cholestenone
SM-ADDF5,450.0,371.3583,445.275438,-4.724561999999992,371.3589172363281,1.771675582112974,101890.6,95876.90481952637,coprostanol
PREFA16,432.6,369.3519,437.520348,4.92034799999999,369.35247802734375,1.647601980318646,87177.95,154323.9560569392,cholesterol
PREFA16,420.0,385.3465,422.81184,2.811840000000018,385.3471984863281,1.759822072002211,144141.8,453587.3754713498,cholestenone
PREFA16,450.0,371.3583,450.089478,0.089477999999986,371.3590087890625,1.908639345113251,21446.42,0.0,coprostanol
PREFB16,432.6,369.3519,437.52036,4.92035999999996,369.3521728515625,0.766272188013839,184904.2,164920.681979909,cholesterol
PREFB16,420.0,385.3465,424.951212,4.951211999999998,385.3468933105469,0.9942688484846,1108293.0,589376.928347379,cholestenone
PREFB16,450.0,371.3583,445.008342,-4.991657999999973,371.3592529296875,1.867550216197861,36351.27,58316.94636070497,coprostanol
SM-CSF71,432.6,369.3519,437.520606,4.920605999999964,369.3515625,-0.362931608545022,211929.4,175002.0592346044,cholesterol
SM-CSF71,420.0,385.3465,424.951482,4.951481999999999,385.3469543457031,1.099862396591601,522960.0,463599.864890762,cholestenone
SM-CSF71,450.0,371.3583,445.543362,-4.456637999999998,371.3592834472656,2.182566871266872,143278.8,142228.4910990666,coprostanol
SM-72XGS,432.6,369.3519,435.385872,2.785871999999984,369.35186767578125,0.298065735722058,65363.27,180687.1496552769,cholesterol
SM-72XGS,420.0,385.3465,417.200742,-2.799258000000009,385.3471374511719,2.498976908308681,92600.7,361282.2886579924,cholestenone
SM-72XGS,450.0,371.3583,445.013256,-4.986743999999987,371.35882568359375,1.251213282467014,157625.1,189739.3349968436,coprostanol
SM-7GCHK,432.6,369.3519,427.89309,-4.70691000000005,369.3520202636719,0.242982623751101,52021.73,116063.7271335114,cholesterol
SM-7GCHK,420.0,385.3465,415.85883,-4.141169999999988,385.3472595214844,1.891814007025328,88115.1,322646.6252211303,cholestenone
SM-7GCHK,450.0,371.3583,445.27584,-4.724159999999984,371.3587951660156,3.346758857151894,32409.79,24782.23460770302,coprostanol
SM-6FNVI,432.6,369.3519,435.113298,2.513297999999963,369.3523864746094,0.848896856047224,65750.78,215468.4328777778,cholesterol
SM-6FNVI,420.0,385.3465,418.800168,-1.199832000000015,385.34698486328125,2.234993038262447,89366.55,456035.6953467879,cholestenone
SM-6FNVI,450.0,371.3583,445.27554,-4.724460000000022,371.35888671875,1.497748055959353,77504.67,108083.7997746607,coprostanol
SM-6XJTF,432.6,369.3519,437.520144,4.920143999999993,369.3522033691406,0.380690403755443,95871.07,108193.1194937347,cholesterol
SM-6XJTF,420.0,385.3465,424.95102,4.951020000000028,385.3470764160156,1.390244653701463,90686.5,271006.8554625582,cholestenone
SM-6XJTF,450.0,371.3583,445.275522,-4.724477999999976,371.3589172363281,1.662104571620912,35090.27,30567.72725757996,coprostanol
SM-6OLSC,432.6,369.3519,436.985172,4.385171999999955,369.35186767578125,0.573481295884641,35281.48,130146.0470341659,cholesterol
SM-6OLSC,420.0,385.3465,418.265286,-1.734713999999997,385.34698486328125,2.155797877219074,110960.4,380763.9415618183,cholestenone
SM-6OLSC,450.0,371.3583,445.008048,-4.991952000000026,371.3584899902344,1.716890076790409,103652.1,168665.6543029464,coprostanol
SM-AKTYX,432.6,369.3519,437.519964,4.919963999999993,369.3521423339844,0.353148847846915,147163.2,189808.9745180658,cholesterol
SM-AKTYX,420.0,385.3465,424.95084,4.950840000000028,385.3466491699219,1.179057557634974,235777.8,384596.4110131381,cholestenone
SM-AKTYX,450.0,371.3583,445.007964,-4.992035999999985,371.3587951660156,1.032071261635958,31973.16,89595.7484941871,coprostanol
SM-A9F5B,432.6,369.3519,437.25249,4.65249,369.3526306152344,1.096770860147379,113066.3,291312.3555657123,cholesterol
SM-A9F5B,420.0,385.3465,424.950876,4.950875999999994,385.3466796875,0.703886591374738,159239.4,329284.2198087752,cholestenone
SM-A9F5B,450.0,371.3583,445.542744,-4.457255999999973,371.35882568359375,1.579926313790132,111440.6,158378.6681274161,coprostanol
SM-ARNW1,432.6,369.3519,437.520078,4.92007799999999,369.35186767578125,-0.087516048382439,105695.2,158972.5919364969,cholesterol
SM-ARNW1,420.0,385.3465,424.950954,4.950954000000024,385.3468322753906,1.020667235548229,153385.2,401939.8536871468,cholestenone
SM-ARNW1,450.0,371.3583,445.275456,-4.72454399999998,371.3588562011719,1.223820529805731,119221.9,177085.6535766797,coprostanol
SM-7BF22,432.6,369.3519,435.648042,3.048041999999953,369.3517150878906,-0.693430280678562,62995.07,117045.5779471576,cholesterol
SM-7BF22,420.0,385.3465,421.207032,1.207032000000027,385.3468017578125,1.020667235548229,149910.7,304621.4343653823,cholestenone
SM-7BF22,450.0,371.3583,450.0,0.0,371.3583,0.0,0.0,0.0,coprostanol
SM-7HAI4,432.6,369.3519,436.183086,3.58308599999998,369.35260009765625,1.895475984418801,58284.7,259706.4767539564,cholesterol
SM-7HAI4,420.0,385.3465,416.660826,-3.339174000000014,385.3473205566406,2.155797877219074,112611.3,358989.203785208,cholestenone
SM-7HAI4,450.0,371.3583,450.0,0.0,371.3583,0.0,0.0,0.0,coprostanol
SM-6X9W6,432.6,369.3519,436.182624,3.582623999999953,369.3515625,-0.913762728716289,69970.03,77234.99827312598,cholesterol
SM-6X9W6,420.0,385.3465,422.008998,2.00899800000002,385.3477783203125,3.079741422675918,372879.4,1407706.206866926,cholestenone
SM-6X9W6,450.0,371.3583,446.344758,-3.655241999999987,371.3590087890625,1.908639345113251,62734.6,67403.08779098457,coprostanol
SM-6TO52,432.6,369.3519,437.520258,4.92025799999999,369.35205078125,1.069229304084951,70078.98,164211.3264030777,cholesterol
SM-6TO52,420.0,385.3465,420.672384,0.672384000000022,385.34783935546875,2.8421559395458,118023.0,713315.9850072187,cholestenone
SM-6TO52,450.0,371.3583,445.275636,-4.72436399999998,371.359130859375,2.483887149928708,113617.2,168453.7926361713,coprostanol
SM-9JYA2,432.6,369.3519,435.915708,3.315707999999972,369.354736328125,7.679202746755747,129393.2,591029.5533577234,cholesterol
SM-9JYA2,420.0,385.3465,422.009448,2.00944800000002,385.34747314453125,2.023805942048444,132556.4,624066.0633927317,cholestenone
SM-9JYA2,450.0,371.3583,445.00821,-4.99178999999998,371.3591613769531,2.346923386928431,186855.8,211649.5068392444,coprostanol
SM-9VWAW,432.6,369.3519,429.237954,-3.362046000000021,369.3517150878906,-0.500639388549364,38965.83,180119.319790541,cholesterol
SM-9VWAW,420.0,385.3465,421.215078,1.215078000000005,385.3473205566406,1.311049492658091,125298.2,555820.5230926061,cholestenone
SM-9VWAW,450.0,371.3583,445.016214,-4.983786000000009,371.35870361328125,1.086856766805455,205076.4,273710.5266709067,coprostanol
SM-9QMND,432.6,369.3519,436.450698,3.850697999999966,369.3519287109375,0.463315071788828,54689.14,129964.6658056052,cholesterol
SM-9QMND,420.0,385.3465,419.602686,-0.397313999999994,385.3467712402344,0.703886591374738,122765.4,706044.7212161364,cholestenone
SM-9QMND,450.0,371.3583,445.5432,-4.456799999999987,371.3583984375,1.442962550789856,175168.6,300967.0785473407,coprostanol
SM-7RFYJ,432.6,369.3519,435.648108,3.048107999999957,369.3523864746094,1.179395528180764,79845.63,170948.4240173318,cholesterol
SM-7RFYJ,420.0,385.3465,424.148736,4.148735999999985,385.3472595214844,1.311049492658091,111533.5,425094.39565461,cholestenone
SM-7RFYJ,450.0,371.3583,445.008114,-4.991886000000022,371.358642578125,0.758143735482336,213470.5,181778.0154999594,coprostanol
SM-AKTYL,432.6,369.3519,430.566942,-2.03305800000004,369.351806640625,-0.128828382399131,35320.85,172125.7780211197,cholesterol
SM-AKTYL,420.0,385.3465,418.532688,-1.467311999999993,385.3471984863281,1.707025297874954,124672.0,702011.4081138638,cholestenone
SM-AKTYL,450.0,371.3583,450.0,0.0,371.3583,0.0,0.0,0.0,coprostanol
SM-9NBE1,432.6,369.3519,437.25207,4.652069999999981,369.35186767578125,1.234478640151721,74404.41,175012.8173635005,cholesterol
SM-9NBE1,420.0,385.3465,422.008686,2.008686000000012,385.3472900390625,1.997407555132329,118640.2,540101.6946239867,cholestenone
SM-9NBE1,450.0,371.3583,445.007448,-4.992551999999989,371.3588562011719,1.47035530329807,147536.4,118686.4632302216,coprostanol
SM-9XKWX,432.6,369.3519,437.526966,4.926965999999993,369.35162353515625,0.325607291784486,153638.3,237377.4032440917,cholesterol
SM-9XKWX,420.0,385.3465,421.481346,1.481345999999974,385.34716796875,1.65422852389521,128585.6,612335.3103248224,cholestenone
SM-9XKWX,450.0,371.3583,445.282344,-4.717655999999977,371.35882568359375,1.716890076790409,191720.8,315104.0627728231,coprostanol
SM-ADID5,432.6,369.3519,437.43399,4.833989999999972,369.35223388671875,0.325607291784486,92426.79,173229.941832258,cholesterol
SM-ADID5,420.0,385.3465,424.864854,4.86485399999998,385.3470153808594,0.730284978438366,99899.59,365374.2373210176,cholestenone
SM-ADID5,450.0,371.3583,445.724238,-4.275761999999986,371.3583068847656,0.470519833074608,31048.63,7668.117470507605,coprostanol
SM-CSN3P,432.6,369.3519,436.985688,4.385687999999959,369.3514099121094,-0.858679616745332,82971.76,157026.1714627751,cholesterol
SM-CSN3P,420.0,385.3465,424.95156,4.951559999999972,385.3466796875,0.439902721180992,335559.6,442646.9407186588,cholestenone
SM-CSN3P,450.0,371.3583,445.276062,-4.723937999999976,371.35943603515625,3.059134954744165,17781.9,0.0,coprostanol
SM-B58FG,432.6,369.3519,437.520078,4.92007799999999,369.3514099121094,-0.335390052482594,105507.3,149716.9830398638,cholesterol
SM-B58FG,420.0,385.3465,422.2767,2.276700000000005,385.3467712402344,0.730284978438366,147468.0,728720.6477629422,cholestenone
SM-B58FG,450.0,371.3583,446.077836,-3.922164000000009,371.3585510253906,0.675965477651557,21653.24,0.0,coprostanol
SM-6X9WM,432.6,369.3519,437.520684,4.920683999999994,369.3513488769531,-0.197682272478252,110727.7,167413.5821646639,cholesterol
SM-6X9WM,420.0,385.3465,424.951566,4.951566000000014,385.3465576171875,0.070325303027757,113218.4,432940.7189831705,cholestenone
SM-6X9WM,450.0,371.3583,445.810926,-4.189074000000005,371.35797119140625,-0.186906229571629,86727.13,75701.11260392782,coprostanol
SM-74Y93,432.6,369.3519,437.520264,4.920263999999975,369.35137939453125,-1.244261400849828,142459.4,208875.57666082,cholesterol
SM-74Y93,420.0,385.3465,424.95114,4.951140000000009,385.3462219238281,-0.589634372382853,256177.9,447924.685700694,cholestenone
SM-74Y93,450.0,371.3583,445.008276,-4.991723999999977,371.3583679199219,0.182895930666879,173525.0,228056.5883093575,coprostanol
SM-6KUCH,432.6,369.3519,437.252376,4.652376000000004,369.35174560546875,-0.776054948711947,72150.45,148486.4963603969,cholesterol
SM-6KUCH,420.0,385.3465,424.95063,4.95062999999999,385.3465270996094,-0.272853728209362,155014.1,341175.1073640557,cholestenone
SM-6KUCH,450.0,371.3583,445.542636,-4.457363999999984,371.3587341308594,1.223820529805731,64742.73,86413.64661888796,coprostanol
SM-7IWF5,432.6,369.3519,437.520018,4.920017999999971,369.3512268066406,-1.781321743066831,76387.66,115840.2421087019,cholesterol
SM-7IWF5,420.0,385.3465,420.137262,0.137262000000021,385.3467712402344,0.175918851134758,94981.17,570983.4301327951,cholestenone
SM-7IWF5,450.0,371.3583,445.008024,-4.991976000000022,371.3580627441406,-0.474530131979358,85420.22,89440.4932537404,coprostanol
PREFA17,432.6,369.3519,437.520084,4.920083999999974,369.351318359375,0.132816399655288,63644.27,145625.5033993937,cholesterol
PREFA17,420.0,385.3465,416.125938,-3.874061999999981,385.3475646972656,1.416643040765092,111479.7,400161.4645993147,cholestenone
PREFA17,450.0,371.3583,445.275576,-4.724423999999999,371.3580017089844,-0.803243163302476,35790.93,35305.96708003052,coprostanol
PREFB17,432.6,369.3519,429.230088,-3.369911999999999,369.3510437011719,-2.731505425450758,72758.53,275287.2797093321,cholesterol
PREFB17,420.0,385.3465,424.951212,4.951211999999998,385.3463439941406,-0.642431146362597,127654.8,393692.3534928885,cholestenone
PREFB17,450.0,371.3583,445.543218,-4.456781999999976,371.3582458496094,-0.638886647640917,28945.74,13690.0327658558,coprostanol
SM-6BQPK,432.6,369.3519,437.520366,4.920366000000001,369.3516845703125,-0.707201058632826,54084.71,107345.1195298947,cholesterol
SM-6BQPK,420.0,385.3465,416.660982,-3.33901800000001,385.3468017578125,0.624691430331365,99455.62,380645.8271613341,cholestenone
SM-6BQPK,450.0,371.3583,445.008252,-4.991747999999973,371.3582763671875,0.073324920174816,72124.24,91095.30468800745,coprostanol
SM-9IMBZ,432.6,369.3519,436.45008,3.850079999999991,369.3509826660156,0.614793629901333,47427.04,151395.5263032936,cholesterol
SM-9IMBZ,420.0,385.3465,422.543826,2.543826000000024,385.34625244140625,-0.246455341145734,127777.9,599833.7178123535,cholestenone
SM-9IMBZ,450.0,371.3583,450.0,0.0,371.3583,0.0,0.0,0.0,coprostanol
SM-6ZT3G,432.6,369.3519,436.182954,3.582953999999973,369.350830078125,-0.996387396749673,30925.81,135493.456096591,cholesterol
SM-6ZT3G,420.0,385.3465,421.474446,1.474446,385.3469543457031,0.413504334264876,106036.9,544408.819304818,cholestenone
SM-6ZT3G,450.0,371.3583,445.008078,-4.991921999999988,371.3580017089844,-0.501922884640641,100597.5,103686.5992254049,coprostanol
SM-7K1V1,432.6,369.3519,437.520024,4.920023999999955,369.351318359375,-1.326886068883213,74021.2,130689.1229962785,cholesterol
SM-7K1V1,420.0,385.3465,415.590888,-4.409111999999993,385.34661865234375,0.043926915964128,100510.8,347739.616404137,cholestenone
SM-7K1V1,450.0,371.3583,445.007898,-4.992101999999989,371.3586730957031,1.004678508974675,48500.22,0.0,coprostanol
SM-6OOEJ,432.6,369.3519,437.520348,4.92034799999999,369.3515625,-0.913762728716289,62612.77,119071.4440540967,cholesterol
SM-6OOEJ,420.0,385.3465,421.474722,1.474721999999986,385.3467712402344,1.601431749915466,163564.7,737304.0953731072,cholestenone
SM-6OOEJ,450.0,371.3583,450.0,0.0,371.3583,0.0,0.0,0.0,coprostanol
SM-ARMC7,432.6,369.3519,430.29999,-2.300010000000043,369.3508605957031,-4.053500113984917,48504.75,201352.4582521053,cholesterol
SM-ARMC7,420.0,385.3465,422.277234,2.277234000000021,385.3467102050781,-0.484040824275852,137068.3,700204.5485011607,cholestenone
SM-ARMC7,450.0,371.3583,445.275996,-4.72400399999998,371.358154296875,-0.351262745233189,27456.47,28865.92286167383,coprostanol
SM-A9F6G,432.6,369.3519,437.520234,4.920233999999994,369.35101318359375,-1.492135404949983,52576.23,101840.7495817824,cholesterol
SM-A9F6G,420.0,385.3465,424.951104,4.951103999999987,385.3465270996094,-0.985610177599716,102219.1,321601.0849377151,cholestenone
SM-A9F6G,450.0,371.3583,445.008114,-4.991886000000022,371.3580017089844,-0.227995358487019,30367.65,33446.30689587688,coprostanol
SM-7J5U1,432.6,369.3519,437.520348,4.92034799999999,369.3515625,-1.629843184954325,95433.06,115088.9551016372,cholesterol
SM-7J5U1,420.0,385.3465,424.951218,4.951217999999983,385.3460693359375,-1.196797273666206,351901.0,495951.7205417805,cholestenone
SM-7J5U1,450.0,371.3583,445.54323,-4.456770000000006,371.35791015625,-1.049777936794815,24649.93,11878.89512512476,coprostanol
SM-AIG54,432.6,369.3519,434.044308,1.444307999999978,369.3516845703125,-1.299344512820785,53377.46,187314.72351187,cholesterol
SM-AIG54,420.0,385.3465,424.14942,4.149420000000021,385.3460388183594,-1.645569852862813,104640.9,425351.7863124676,cholestenone
SM-AIG54,450.0,371.3583,445.00881,-4.991190000000017,371.3579406738281,-1.337401839202544,29699.25,52079.30552318557,coprostanol
SM-9SIZI,432.6,369.3519,430.29981,-2.300190000000043,369.3509826660156,-2.015424969212722,52091.99,162815.4066706148,cholesterol
SM-9SIZI,420.0,385.3465,416.393544,-3.60645599999998,385.3463134765625,-0.642431146362597,92135.19,393778.8305810216,cholestenone
SM-9SIZI,450.0,371.3583,445.008312,-4.991688000000011,371.3579406738281,-1.488061978609996,24993.79,36342.12975910579,coprostanol
SM-7R3AG,432.6,369.3519,435.648612,3.048611999999991,369.3514099121094,-1.71246785298771,60217.66,160746.9164040443,cholesterol
SM-7R3AG,420.0,385.3465,424.951488,4.951487999999984,385.3457946777344,-1.539976304903325,108071.2,306099.9317890129,cholestenone
SM-7R3AG,450.0,371.3583,445.008618,-4.991381999999987,371.3576354980469,-1.51545473111821,88192.55,97110.12249759934,coprostanol
SM-7DN37,432.6,369.3519,437.520378,4.920377999999971,369.3511657714844,-2.290840529221404,104391.1,153895.0217438252,cholesterol
SM-7DN37,420.0,385.3465,424.951248,4.951248000000021,385.3459777832031,-1.117602112622833,115820.7,399262.6532747603,cholestenone
SM-7DN37,450.0,371.3583,445.008378,-4.991622000000007,371.357666015625,-1.460669225948713,220645.3,241375.2816458675,coprostanol
SM-6HUG5,432.6,369.3519,436.450692,3.850691999999981,369.3506164550781,-3.227253433651068,49852.09,141693.0317046481,cholesterol
SM-6HUG5,420.0,385.3465,420.672432,0.672432000000015,385.3463439941406,-1.223195660729834,91575.68,568676.2223746219,cholestenone
SM-6HUG5,450.0,371.3583,450.0,0.0,371.3583,0.0,0.0,0.0,coprostanol
SM-7K1W8,432.6,369.3519,437.253132,4.653131999999971,369.3511657714844,-2.511172977413032,58050.74,117863.3245645566,cholesterol
SM-7K1W8,420.0,385.3465,422.009742,2.009742000000017,385.3463134765625,-0.800821468449342,103919.2,538035.307324155,cholestenone
SM-7K1W8,450.0,371.3583,445.275876,-4.724124000000018,371.3574523925781,-1.296312710287154,20265.94,43006.31130764924,coprostanol
SM-6X9WU,432.6,369.3519,436.985286,4.385285999999951,369.3507995605469,-2.538714533321559,49678.54,117702.3695787157,cholesterol
SM-6X9WU,420.0,385.3465,420.13728,0.137279999999976,385.3458251953125,-1.487179530776068,100915.2,504443.0644775887,cholestenone
SM-6X9WU,450.0,371.3583,445.27554,-4.724460000000022,371.3573303222656,-0.830635915963759,59933.41,44714.07322297188,coprostanol
SM-7CP3G,432.6,369.3519,433.241406,0.641405999999961,369.3503112792969,-3.970875445951533,55435.17,178422.4319551934,cholesterol
SM-7CP3G,420.0,385.3465,419.335158,-0.664842000000022,385.3465270996094,-0.853618242429087,102495.3,552434.6984863268,cholestenone
SM-7CP3G,450.0,371.3583,450.0,0.0,371.3583,0.0,0.0,0.0,coprostanol
PREFA18,432.6,369.3519,430.834734,-1.765265999999997,369.3511657714844,-1.987883413150293,40635.91,128552.7339819839,cholesterol
PREFA18,420.0,385.3465,423.614106,3.614105999999993,385.3458557128906,-2.094342432206934,109598.4,461050.4355534276,cholestenone
PREFA18,450.0,371.3583,445.27575,-4.724249999999984,371.3576965332031,-2.652253964495017,43231.35,43601.03301078442,coprostanol
PREFB18,432.6,369.3519,437.520468,4.920467999999971,369.3511657714844,-1.492135404949983,102285.4,149515.5786553942,cholesterol
PREFB18,420.0,385.3465,424.951338,4.951338000000021,385.345703125,-1.777561788033443,155600.1,371183.7990685785,cholestenone
PREFB18,450.0,371.3583,446.0781,-3.921899999999994,371.3583984375,0.265074188497659,28542.47,0.0,coprostanol
SM-76CAT,432.6,369.3519,427.892964,-4.707036000000016,369.3509216308594,-2.896754761517527,49547.83,77196.49553370466,cholesterol
SM-76CAT,420.0,385.3465,424.951344,4.951344000000006,385.34552001953125,-1.962350497036304,93320.45,291881.4822119664,cholestenone
SM-76CAT,450.0,371.3583,445.008354,-4.991646000000003,371.3576354980469,-0.885421421133256,16648.78,20318.18876856467,coprostanol
SM-61N7T,432.6,369.3519,436.450686,3.850685999999996,369.350830078125,-2.814130093484143,44438.64,128726.4158257819,cholesterol
SM-61N7T,420.0,385.3465,421.742178,1.742178000000024,385.3460388183594,-1.671968239926442,99847.92,512988.8455798275,cholestenone
SM-61N7T,450.0,371.3583,450.0,0.0,371.3583,0.0,0.0,0.0,coprostanol
SM-A9J9N,432.6,369.3519,436.717788,4.117787999999962,369.3513488769531,-1.987883413150293,149220.0,269966.8693954694,cholesterol
SM-A9J9N,420.0,385.3465,424.951032,4.951031999999998,385.34588623046875,-1.539976304903325,543110.9,681620.7378586609,cholestenone
SM-A9J9N,450.0,371.3583,445.275552,-4.724447999999995,371.3581237792969,-1.022385184133532,215668.0,302876.851750473,coprostanol
SM-9QMNL,432.6,369.3519,430.567584,-2.032416000000012,369.3508605957031,-3.392502769717837,71228.37,228992.6527814294,cholesterol
SM-9QMNL,420.0,385.3465,420.9402,0.940200000000004,385.3460998535156,-1.803960174949559,115043.1,652590.222064693,cholestenone
SM-9QMNL,450.0,371.3583,446.078466,-3.921534000000008,371.3572998046875,-2.693343093410407,25936.37,34680.21466903097,coprostanol
SM-7EWUS,432.6,369.3519,436.985628,4.385627999999997,369.3514709472656,-2.263298973312876,104171.1,215515.9009015394,cholesterol
SM-7EWUS,420.0,385.3465,424.684002,4.684002000000021,385.3456726074219,-2.252732754293679,129376.5,463853.3453793135,cholestenone
SM-7EWUS,450.0,371.3583,450.0,0.0,371.3583,0.0,0.0,0.0,coprostanol
SM-9W3B4,432.6,369.3519,437.52018,4.920179999999959,369.3509826660156,-2.593797645446416,105050.4,200673.942919691,cholesterol
SM-9W3B4,420.0,385.3465,424.951056,4.951055999999994,385.345947265625,-1.619171465946697,135358.7,376572.878269507,cholestenone
SM-9W3B4,450.0,371.3583,445.542942,-4.457058000000018,371.3578186035156,-1.351098215456651,137309.9,208981.2770976809,coprostanol
SM-AIG8M,432.6,369.3519,434.043804,1.443804,369.3554382324219,8.230033866927014,196929.3,537745.6145606849,cholesterol
SM-AIG8M,420.0,385.3465,424.951182,4.951182000000017,385.34588623046875,-1.724765013906186,147748.2,350354.0553217691,cholestenone
SM-AIG8M,450.0,371.3583,445.27581,-4.724190000000021,371.3575439453125,-2.03591703076417,96443.03,176808.2551423125,coprostanol
SM-7GYJZ,432.6,369.3519,433.77576,1.175759999999968,369.3547668457031,7.376245630684637,177135.5,457836.9362554311,cholesterol
SM-7GYJZ,420.0,385.3465,424.950762,4.950761999999998,385.3456115722656,-1.803960174949559,390067.9,722379.0653575294,cholestenone
SM-7GYJZ,450.0,371.3583,445.007766,-4.992233999999996,371.35797119140625,-1.337401839202544,37422.56,36608.11992060932,coprostanol
SM-9RRZL,432.6,369.3519,434.043564,1.443563999999981,369.3522644042969,2.501390216714924,69847.08,221029.5240095101,cholesterol
SM-9RRZL,420.0,385.3465,423.881436,3.881436000000008,385.3459167480469,-1.645569852862813,118427.6,489567.8598668967,cholestenone
SM-9RRZL,450.0,371.3583,448.217322,-1.782677999999976,371.3557434082031,-6.884434242780167,16893.45,0.0,coprostanol
SM-A12L2,432.6,369.3519,433.508694,0.908693999999969,369.35479736328125,5.861460050021279,109681.9,378598.0802065508,cholesterol
SM-A12L2,420.0,385.3465,423.34644,3.346439999999973,385.345947265625,-1.988748884099933,128054.5,568784.6458343411,cholestenone
SM-A12L2,450.0,371.3583,450.0,0.0,371.3583,0.0,0.0,0.0,coprostanol
SM-7M8S2,432.6,369.3519,434.578014,1.978013999999973,369.3534240722656,6.302124946250632,82965.09,259203.3914883101,cholesterol
SM-7M8S2,420.0,385.3465,424.950636,4.950635999999975,385.3457946777344,-2.147139206186678,154680.9,436585.6128415246,cholestenone
SM-7M8S2,450.0,371.3583,446.879646,-3.12035400000002,371.3575744628906,-1.953738772933391,18075.29,0.0,coprostanol
SM-AFSIK,432.6,369.3519,437.520426,4.920425999999964,369.355224609375,8.780864987252182,945700.7,1115423.560093038,cholesterol
SM-AFSIK,420.0,385.3465,424.951296,4.951296000000014,385.3458251953125,-1.962350497036304,1045688.0,825423.0966591889,cholestenone
SM-AFSIK,450.0,371.3583,450.0,0.0,371.3583,0.0,0.0,0.0,coprostanol
SM-7BF2Q,432.6,369.3519,434.846082,2.246082000000001,369.35308837890625,2.72172266475265,76688.6,180893.7350304637,cholesterol
SM-7BF2Q,420.0,385.3465,424.951326,4.951325999999995,385.3457946777344,-2.305529528273423,251321.2,518651.0690833321,cholestenone
SM-7BF2Q,450.0,371.3583,446.612964,-3.387036000000023,371.35797119140625,-0.885421421133256,19724.02,20487.59048092957,coprostanol
SM-AVAE6,432.6,369.3519,437.520762,4.920761999999968,369.3504638671875,-3.475127437751222,186092.6,140721.0954510036,cholesterol
SM-AVAE6,420.0,385.3465,424.951626,4.951625999999976,385.345703125,-1.883155335992931,356639.9,372023.4206788523,cholestenone
SM-AVAE6,450.0,371.3583,445.008762,-4.99123800000001,371.35760498046875,-1.460669225948713,74894.14,91257.40939773744,coprostanol
SM-9ZJIA,432.6,369.3519,437.521206,4.921205999999984,369.3508605957031,-2.759046981513186,115112.6,218659.0412940318,cholesterol
SM-9ZJIA,420.0,385.3465,421.742946,1.742946000000018,385.3458557128906,-1.935952110120188,95879.02,530551.448808403,cholestenone
SM-9ZJIA,450.0,371.3583,445.009212,-4.990788000000009,371.3574523925781,-2.72073584607169,176237.9,309740.8756792059,coprostanol
SM-AI38G,432.6,369.3519,427.893468,-4.706532000000038,369.3505859375,-3.557752105784607,52228.45,103327.070296829,cholesterol
SM-AI38G,420.0,385.3465,422.010096,2.010095999999976,385.34588623046875,-2.912692429556776,84247.15,447475.8882933155,cholestenone
SM-AI38G,450.0,371.3583,447.95061,-2.049390000000017,371.3567199707031,-4.25472999219522,15875.32,60667.79350142877,coprostanol
SM-A77WI,432.6,369.3519,437.520678,4.920677999999953,369.35064697265625,-3.392502769717837,88144.44,123082.8006055706,cholesterol
SM-A77WI,420.0,385.3465,423.881934,3.881934000000001,385.3454895019531,-2.067944045143305,114411.4,361543.9181636139,cholestenone
SM-A77WI,450.0,371.3583,445.008684,-4.991315999999983,371.357666015625,-2.255059051595226,142760.7,181031.298312776,coprostanol
SM-CNIIF,432.6,369.3519,435.648936,3.048935999999969,369.35040283203125,-3.557752105784607,66679.22,199571.8711335746,cholesterol
SM-CNIIF,420.0,385.3465,420.940302,0.940301999999974,385.345703125,-1.90955372305656,98635.45,530998.4833152727,cholestenone
SM-CNIIF,450.0,371.3583,447.14832,-2.851679999999988,371.357421875,-2.364630062087289,24178.48,37655.62440843778,coprostanol
SM-B5F8Y,432.6,369.3519,430.300362,-2.299638000000016,369.3504638671875,-4.631872790218612,39186.25,188097.5684281667,cholesterol
SM-B5F8Y,420.0,385.3465,422.277612,2.277611999999976,385.34521484375,-2.965489203684033,94083.42,477986.9756790411,cholestenone
SM-B5F8Y,450.0,371.3583,445.543872,-4.456127999999978,371.3570556640625,-3.350769156056644,23865.08,0.0,coprostanol
PREFA19,432.6,369.3519,428.427948,-4.172052000000008,369.35040283203125,-4.383998786118457,101916.8,301557.1256096113,cholesterol
PREFA19,420.0,385.3465,419.602818,-0.397181999999987,385.34588623046875,-2.067944045143305,103768.5,615731.3013041147,cholestenone
PREFA19,450.0,371.3583,445.543326,-4.456674000000021,371.3575134277344,-2.611164835579628,75487.66,84035.08964554769,coprostanol
PREFB19,432.6,369.3519,435.113838,2.513837999999964,369.3511657714844,-1.2167198447874,88644.3,140297.7325381019,cholesterol
PREFB19,420.0,385.3465,422.00997,2.00997000000001,385.34552001953125,-2.780700494533659,101941.8,553183.0199556787,cholestenone
PREFB19,450.0,371.3583,445.543596,-4.45640400000002,371.3572998046875,-2.03591703076417,38157.52,61132.6576315959,coprostanol
SM-AV8JF,432.6,369.3519,429.765186,-2.834813999999994,369.3500671386719,-4.09481244800161,69840.74,134837.0377600642,cholesterol
SM-AV8JF,420.0,385.3465,422.812068,2.812068000000011,385.34503173828125,-3.282269847857523,108509.6,538349.1539648538,cholestenone
SM-AV8JF,450.0,371.3583,450.0,0.0,371.3583,0.0,0.0,0.0,coprostanol
SM-AJC3J,432.6,369.3519,431.36967,-1.230330000000038,369.3505554199219,-3.640376773817992,62136.89,220194.5486917789,cholesterol
SM-AJC3J,420.0,385.3465,422.009664,2.009663999999987,385.34521484375,-3.150277912686894,91997.85,452578.462538898,cholestenone
SM-AJC3J,450.0,371.3583,450.0,0.0,371.3583,0.0,0.0,0.0,coprostanol
SM-AE3RC,432.6,369.3519,435.113616,2.513615999999956,369.3505859375,-3.351190435701145,66362.53,209404.7297989441,cholesterol
SM-AE3RC,420.0,385.3465,422.544486,2.544486000000006,385.3453063964844,-2.939090816620404,104425.7,477103.0056038016,cholestenone
SM-AE3RC,450.0,371.3583,445.008492,-4.99150800000001,371.3567199707031,-3.624696682210266,192180.1,269487.2486110743,coprostanol
SM-9U25X,432.6,369.3519,429.7647,-2.835300000000018,369.3499450683594,-5.182703910389878,34149.84,176926.3128463476,cholesterol
SM-9U25X,420.0,385.3465,421.741824,1.741824000000008,385.3453674316406,-3.625448878947129,97839.47,517325.8982425301,cholestenone
SM-9U25X,450.0,371.3583,445.008084,-4.991916000000003,371.3564758300781,-4.912156054841456,17671.96,0.0,coprostanol
SM-A14C6,432.6,369.3519,427.893132,-4.706868000000043,369.3495178222656,-5.540744138585846,49088.51,120875.7103937059,cholesterol
SM-A14C6,420.0,385.3465,415.324002,-4.675997999999993,385.3450012207031,-2.199935980166422,92954.01,296509.2130674552,cholestenone
SM-A14C6,450.0,371.3583,450.0,0.0,371.3583,0.0,0.0,0.0,coprostanol
SM-9VW8T,432.6,369.3519,431.904186,-0.695814000000041,369.3504943847656,-3.062004097584297,45607.75,228732.2526096918,cholesterol
SM-9VW8T,420.0,385.3465,423.881304,3.881304,385.3450012207031,-3.387863395817011,105697.1,383949.6300380321,cholestenone
SM-9VW8T,450.0,371.3583,445.008066,-4.991934000000015,371.3572692871094,-2.748128598579904,397636.3,359393.3779970241,coprostanol
SM-ASN2R,432.6,369.3519,436.717656,4.117655999999954,369.3506164550781,-3.695459885788949,67274.32,162890.6163662039,cholesterol
SM-ASN2R,420.0,385.3465,424.9509,4.95089999999999,385.3451232910156,-2.807098881597287,102028.8,299223.2955728653,cholestenone
SM-ASN2R,450.0,371.3583,445.275282,-4.724717999999996,371.357421875,-2.693343093410407,100326.4,105260.300858227,coprostanol
SM-A9F5R,432.6,369.3519,428.961978,-3.638022000000035,369.3499755859375,-5.044996130385536,32745.34,132356.7787676255,cholesterol
SM-A9F5R,420.0,385.3465,417.462594,-2.537405999999976,385.3452453613281,-2.991887590600149,94425.33,460387.244913339,cholestenone
SM-A9F5R,450.0,371.3583,445.275114,-4.724886000000026,371.35723876953125,-2.501593825087565,37056.08,38554.93656819658,coprostanol
SM-AIG5S,432.6,369.3519,428.160318,-4.439682000000005,369.35028076171875,-4.507935788168535,53378.7,124551.1751932912,cholesterol
SM-AIG5S,420.0,385.3465,420.939684,0.939684,385.34552001953125,-2.780700494533659,86892.82,473526.3523156915,cholestenone
SM-AIG5S,450.0,371.3583,445.008192,-4.991807999999992,371.3576354980469,-1.789382257271832,18330.37,30609.53438817209,coprostanol
SM-9J5IT,432.6,369.3519,437.520102,4.920101999999986,369.3507385253906,-3.860709221855719,91273.18,135568.8311694621,cholesterol
SM-9J5IT,420.0,385.3465,423.346464,3.346464000000026,385.34564208984375,-2.384724689316796,161614.3,467910.5560462177,cholestenone
SM-9J5IT,450.0,371.3583,445.008096,-4.991903999999977,371.3572692871094,-2.898788737987356,92487.86,121097.8116144244,coprostanol
SM-ATLL1,432.6,369.3519,427.892478,-4.70752200000004,369.3505554199219,-3.860709221855719,143181.7,280569.6026883929,cholesterol
SM-ATLL1,420.0,385.3465,421.474224,1.474223999999992,385.3451232910156,-2.965489203684033,104740.6,454749.6090903026,cholestenone
SM-ATLL1,450.0,371.3583,446.344986,-3.655013999999994,371.3572692871094,-2.775521351241187,22088.59,23359.24267839866,coprostanol
SM-AIG6P,432.6,369.3519,428.160342,-4.439658000000009,369.35009765625,-4.852205238256338,80210.59,173894.8475636391,cholesterol
SM-AIG6P,420.0,385.3465,423.88146,3.881460000000004,385.34539794921875,-2.675106946426658,91554.77,367569.3547114852,cholestenone
SM-AIG6P,450.0,371.3583,445.008222,-4.991778000000011,371.3573913574219,-2.446808319918068,18914.1,0.0,coprostanol
SM-CHS76,432.6,369.3519,427.625148,-4.974851999999999,369.3504943847656,-4.631872790218612,85194.06,214107.5144158707,cholesterol
SM-CHS76,420.0,385.3465,423.078774,3.07877400000001,385.3454895019531,-2.807098881597287,134002.2,553197.4685577792,cholestenone
SM-CHS76,450.0,371.3583,445.00791,-4.992090000000019,371.3573913574219,-2.446808319918068,19669.07,0.0,coprostanol
SM-B1JO5,432.6,369.3519,428.15991,-4.440089999999998,369.3500671386719,-4.604331234156184,112454.5,196211.101681439,cholesterol
SM-B1JO5,420.0,385.3465,419.602284,-0.397716000000003,385.34539794921875,-3.044684364727405,81685.54,561499.3235140553,cholestenone
SM-B1JO5,450.0,371.3583,446.345046,-3.654953999999975,371.3569030761719,-3.761660445210542,13038.36,0.0,coprostanol
SM-6KUD2,432.6,369.3519,427.626624,-4.97337600000003,369.349853515625,-5.540744138585846,54003.21,210408.2536472125,cholesterol
SM-6KUD2,420.0,385.3465,424.952376,4.952376000000015,385.3451232910156,-2.88629404264066,181031.5,397526.4700972208,cholestenone
SM-6KUD2,450.0,371.3583,450.0,0.0,371.3583,0.0,0.0,0.0,coprostanol
SM-7DN33,432.6,369.3519,434.57805,1.978049999999996,369.350341796875,-4.714497458251997,96066.51,282188.9194829317,cholesterol
SM-7DN33,420.0,385.3465,424.950678,4.950677999999982,385.3455810546875,-3.20307468681415,350363.2,523193.5615487204,cholestenone
SM-7DN33,450.0,371.3583,450.0,0.0,371.3583,0.0,0.0,0.0,coprostanol
SM-77FYC,432.6,369.3519,437.25342,4.653419999999983,369.3502197265625,-3.83316766594719,67162.38,160535.4544076121,cholesterol
SM-77FYC,420.0,385.3465,424.951788,4.951788000000022,385.3452453613281,-3.20307468681415,721279.3,559254.3763538153,cholestenone
SM-77FYC,450.0,371.3583,447.41568,-2.584319999999991,371.3570251464844,-3.432947413887423,26341.75,0.0,coprostanol
SM-6ZEV1,432.6,369.3519,432.706452,0.10645199999999,369.35052490234375,-4.466623454151842,49376.2,327476.6762851885,cholesterol
SM-6ZEV1,420.0,385.3465,424.416198,4.416198000000009,385.3454284667969,-2.490318237423796,130616.1,522887.7432248919,cholestenone
SM-6ZEV1,450.0,371.3583,450.0,0.0,371.3583,0.0,0.0,0.0,coprostanol
SM-6J3OB,432.6,369.3519,437.52138,4.921379999999999,369.3505859375,-3.860709221855719,129368.2,148929.0449934665,cholesterol
SM-6J3OB,420.0,385.3465,419.87112,-0.128879999999981,385.3454284667969,-2.991887590600149,111917.3,705883.2644870109,cholestenone
SM-6J3OB,450.0,371.3583,445.276758,-4.723242000000028,371.35748291015625,-2.474201072579351,125966.9,141628.4649850896,coprostanol
PREFA20,432.6,369.3519,427.89273,-4.707270000000051,369.3501892089844,-5.292870134485692,56112.38,191496.1846034781,cholesterol
PREFA20,420.0,385.3465,421.47447,1.474469999999997,385.34521484375,-3.150277912686894,128450.7,612249.0676916259,cholestenone
PREFA20,450.0,371.3583,446.07774,-3.922259999999994,371.35736083984375,-2.528986577748848,36490.38,46053.69933905839,coprostanol
PREFB20,432.6,369.3519,435.380472,2.780471999999975,369.3511962890625,-1.9465710791336,72889.29,251214.9693307924,cholesterol
PREFB20,420.0,385.3465,423.078822,3.078822000000002,385.3450622558594,-3.255871460793895,152699.8,586247.118895187,cholestenone
PREFB20,450.0,371.3583,445.275336,-4.724664000000018,371.357421875,-2.748128598579904,44822.93,110444.2688919438,coprostanol
SM-6XJTB,432.6,369.3519,437.252754,4.652753999999959,369.35003662109375,-4.301374118085072,63427.45,170743.6481893772,cholesterol
SM-6XJTB,420.0,385.3465,424.951128,4.951127999999983,385.3457946777344,-2.569513398467169,127620.7,403652.2536200843,cholestenone
SM-6XJTB,450.0,371.3583,445.008138,-4.991862000000026,371.35711669921875,-3.145323511479695,38709.95,44775.03249604715,coprostanol
SM-7IWES,432.6,369.3519,428.694948,-3.905052000000012,369.35064697265625,-4.177437116034994,75185.08,248242.7489045003,cholesterol
SM-7IWES,420.0,385.3465,424.416072,4.416071999999986,385.345458984375,-3.097481138707149,132206.6,404020.6010511937,cholestenone
SM-7IWES,450.0,371.3583,445.008096,-4.991903999999977,371.3573303222656,-3.295983650887147,155977.8,248634.1979867257,coprostanol
SM-76EO1,432.6,369.3519,437.519922,4.919921999999986,369.3503112792969,-4.136124782018302,78343.21,135920.3374901429,cholesterol
SM-76EO1,420.0,385.3465,416.928036,-3.07196399999998,385.3451232910156,-2.305529528273423,92421.46,387415.4940706387,cholestenone
SM-76EO1,450.0,371.3583,445.542798,-4.457201999999995,371.3575439453125,-2.364630062087289,84932.83,118159.8287318629,coprostanol
SM-7E5EH,432.6,369.3519,428.695404,-3.904596000000026,369.3498840332031,-5.458119470552461,57372.61,230493.5963947852,cholesterol
SM-7E5EH,420.0,385.3465,424.95141,4.95141000000001,385.34478759765625,-3.942229523120621,113909.2,361030.0366625402,cholestenone
SM-7E5EH,450.0,371.3583,445.543284,-4.456715999999972,371.357421875,-2.364630062087289,32563.39,29881.88346868886,coprostanol
SM-6XTSY,432.6,369.3519,435.915708,3.315707999999972,369.3541564941406,4.622090029520503,121880.5,213061.2142961763,cholesterol
SM-6XTSY,420.0,385.3465,421.474572,1.474572000000023,385.3453674316406,-1.777561788033443,95126.96,409920.3627096282,cholestenone
SM-6XTSY,450.0,371.3583,445.00821,-4.99178999999998,371.3571472167969,-3.432947413887423,150603.9,186117.8829054531,coprostanol
SM-7FVSS,432.6,369.3519,431.369154,-1.230846000000042,369.3499450683594,-5.292870134485692,48318.66,245687.674975535,cholesterol
SM-7FVSS,420.0,385.3465,422.544036,2.544036000000006,385.34503173828125,-3.071082751643521,114012.8,534730.2503557956,cholestenone
SM-7FVSS,450.0,371.3583,446.612538,-3.387462000000028,371.3568115234375,-4.008195218702881,14964.08,0.0,coprostanol
SM-7CM7M,432.6,369.3519,432.973818,0.373817999999972,369.350341796875,-4.218749450051687,46009.4,208384.34365796,cholesterol
SM-7CM7M,420.0,385.3465,424.950948,4.950947999999983,385.34515380859375,-3.361465008900896,391433.7,489647.9308601793,cholestenone
SM-7CM7M,450.0,371.3583,450.0,0.0,371.3583,0.0,0.0,0.0,coprostanol
SM-72ZHO,432.6,369.3519,427.625442,-4.974558000000002,369.3502197265625,-4.494165010214271,3829251.0,6356309.432335035,cholesterol
SM-72ZHO,420.0,385.3465,416.393436,-3.606563999999992,385.3457946777344,-2.754302107470031,94202.39,343532.4451072734,cholestenone
SM-72ZHO,450.0,371.3583,445.008198,-4.991802000000007,371.3570861816406,-2.364630062087289,66091.24,76539.94352394153,coprostanol
SM-9VE4Y,432.6,369.3519,434.845374,2.24537399999997,369.3546142578125,7.513953410688978,366312.9,955023.4338234585,cholesterol
SM-9VE4Y,420.0,385.3465,424.950624,4.950624000000005,385.3453063964844,-3.123879525770778,171396.4,303514.122758885,cholestenone
SM-9VE4Y,450.0,371.3583,450.0,0.0,371.3583,0.0,0.0,0.0,coprostanol
SM-A8MJS,432.6,369.3519,427.62579,-4.974210000000028,369.3502197265625,-5.499431804569154,33294.08,116196.7204472758,cholesterol
SM-A8MJS,420.0,385.3465,415.858908,-4.141092000000015,385.345947265625,-2.305529528273423,97725.86,346040.6128089713,cholestenone
SM-A8MJS,450.0,371.3583,450.0,0.0,371.3583,0.0,0.0,0.0,coprostanol
SM-A72E7,432.6,369.3519,437.252538,4.652537999999993,369.35125732421875,-3.089545653646726,120582.7,322395.2592525214,cholesterol
SM-A72E7,420.0,385.3465,424.950906,4.950905999999975,385.3453674316406,-3.282269847857523,1079790.0,599870.1277805183,cholestenone
SM-A72E7,450.0,371.3583,445.007922,-4.992077999999992,371.35614013671875,-6.966612500610947,40205.99,80296.87051446029,coprostanol
SM-7BP4V,432.6,369.3519,433.776954,1.176953999999967,369.34991455078125,-5.375494802519076,65812.14,205939.0890450949,cholesterol
SM-7BP4V,420.0,385.3465,424.95183,4.951829999999973,385.3453674316406,-2.833497268513403,358555.9,530722.9937054664,cholestenone
SM-7BP4V,450.0,371.3583,454.903716,4.903715999999974,371.3569641113281,-3.967106089787491,27749.63,0.0,coprostanol
SM-9RTUZ,432.6,369.3519,427.625652,-4.97434800000002,369.34954833984375,-5.81615969874843,204566.0,465786.2685135207,cholesterol
SM-9RTUZ,420.0,385.3465,424.6839,4.683899999999994,385.34503173828125,-3.995026297247877,267241.4,1023381.052543223,cholestenone
SM-9RTUZ,450.0,371.3583,445.008414,-4.991585999999984,371.35699462890625,-2.008524278102887,37842.37,93874.47552911058,coprostanol
SM-AADKW,432.6,369.3519,427.892766,-4.707234000000028,369.3493957519531,-6.780114159086621,70513.92,0.0,cholesterol
SM-AADKW,420.0,385.3465,424.683516,4.683515999999997,385.3450927734375,-3.731042427054131,998459.3,4144312.857034143,cholestenone
SM-AADKW,450.0,371.3583,445.00815,-4.99185,371.3566589355469,-3.871231455702604,156885.3,129324.3858642545,coprostanol
SM-A12KL,432.6,369.3519,433.241616,0.641615999999999,369.349365234375,-6.862738827120006,37319.43,147421.7032417093,cholesterol
SM-A12KL,420.0,385.3465,424.951368,4.951368000000002,385.3450927734375,-3.783839201033875,342457.9,1306505.769884247,cholestenone
SM-A12KL,450.0,371.3583,446.078244,-3.921756000000016,371.35711669921875,-3.953409713533385,39140.4,85903.16436840926,coprostanol
SM-7K1V9,432.6,369.3519,432.439314,-0.160685999999998,369.3497009277344,-5.953867478752772,39419.29,232165.4895140562,cholesterol
SM-7K1V9,420.0,385.3465,423.079314,3.079314000000011,385.3454284667969,-3.599050492031014,126793.0,602429.7680811103,cholestenone
SM-7K1V9,450.0,371.3583,445.810716,-4.189283999999986,371.35693359375,-3.679482187379763,22196.61,0.0,coprostanol
SM-9W7W4,432.6,369.3519,430.567158,-2.032842000000016,369.35076904296875,-4.012187779968225,28863.68,148320.0076390892,cholesterol
SM-9W7W4,420.0,385.3465,420.137526,0.13752599999998,385.3449401855469,-3.810237588097503,97506.73,576767.5508165976,cholestenone
SM-9W7W4,450.0,371.3583,450.0,0.0,371.3583,0.0,0.0,0.0,coprostanol
SM-AHUNW,432.6,369.3519,434.310948,1.710947999999974,369.3505859375,-3.309878101684453,37276.36,186817.7937732302,cholesterol
SM-AHUNW,420.0,385.3465,417.195564,-2.80443600000001,385.34503173828125,-2.939090816620404,96347.74,453096.857404918,cholestenone
SM-AHUNW,450.0,371.3583,450.0,0.0,371.3583,0.0,0.0,0.0,coprostanol
SM-7FK3W,432.6,369.3519,435.916266,3.316265999999985,369.3502502441406,-4.356457230056028,125911.0,315716.5163791846,cholesterol
SM-7FK3W,420.0,385.3465,422.81238,2.812380000000019,385.3453063964844,-3.361465008900896,159532.6,680963.2220468668,cholestenone
SM-7FK3W,450.0,371.3583,450.0,0.0,371.3583,0.0,0.0,0.0,coprostanol
SM-AMR37,432.6,369.3519,436.189272,3.589271999999994,369.3501892089844,-5.334182468502384,28849.08,123434.7721978005,cholesterol
SM-AMR37,420.0,385.3465,416.93451,-3.065490000000011,385.3450927734375,-3.493456943924013,102894.7,389008.8758707142,cholestenone
SM-AMR37,450.0,371.3583,450.0,0.0,371.3583,0.0,0.0,0.0,coprostanol
SM-A4UVT,432.6,369.3519,436.450398,3.850397999999984,369.3506774902344,-2.731505425450758,80253.71,199901.2085813005,cholesterol
SM-A4UVT,420.0,385.3465,423.613896,3.613896000000011,385.34490966796875,-3.757440814117759,150766.9,607565.19462504,cholestenone
SM-A4UVT,450.0,371.3583,450.0,0.0,371.3583,0.0,0.0,0.0,coprostanol
SM-9RRZH,432.6,369.3519,437.252796,4.652795999999967,369.3502502441406,-5.733535030715045,57540.45,121630.2740779203,cholesterol
SM-9RRZH,420.0,385.3465,419.335158,-0.664842000000022,385.3453674316406,-3.572652104967385,101358.3,542488.7518231035,cholestenone
SM-9RRZH,450.0,371.3583,450.0,0.0,371.3583,0.0,0.0,0.0,coprostanol
SM-AF6NB,432.6,369.3519,432.439326,-0.160674000000029,369.3499450683594,-6.201741482852927,77432.51,290727.588845009,cholesterol
SM-AF6NB,420.0,385.3465,423.07932,3.079319999999996,385.3453674316406,-3.361465008900896,118841.5,541039.1258852825,cholestenone
SM-AF6NB,450.0,371.3583,450.0,0.0,371.3583,0.0,0.0,0.0,coprostanol
SM-7K259,432.6,369.3519,429.765012,-2.83498800000001,369.349609375,-6.119116814819542,39960.68,157902.9576170692,cholesterol
SM-7K259,420.0,385.3465,423.881628,3.881627999999978,385.3450622558594,-4.364603715401112,114255.3,485233.4099651042,cholestenone
SM-7K259,450.0,371.3583,450.0,0.0,371.3583,0.0,0.0,0.0,coprostanol
SM-ARMDG,432.6,369.3519,428.962326,-3.637674000000004,369.3503723144531,-4.82466368234781,53608.26,103151.0092963236,cholesterol
SM-ARMDG,420.0,385.3465,423.078948,3.078948000000025,385.34527587890625,-3.361465008900896,96792.88,369789.4457665278,cholestenone
SM-ARMDG,450.0,371.3583,450.0,0.0,371.3583,0.0,0.0,0.0,coprostanol
SM-7I1H2,432.6,369.3519,436.71798,4.117979999999989,369.3504333496094,-6.036492146786157,72939.38,122848.4173232771,cholesterol
SM-7I1H2,420.0,385.3465,424.683738,4.683738000000005,385.344970703125,-4.047823071227621,98187.85,301450.3701043127,cholestenone
SM-7I1H2,450.0,371.3583,445.275738,-4.72426200000001,371.357666015625,-3.186412640395085,139179.1,197918.3909369124,coprostanol
PREFA21,432.6,369.3519,436.985514,4.385514000000001,369.34906005859375,-5.678451918590188,57726.25,110145.1838552404,cholesterol
PREFA21,420.0,385.3465,421.474746,1.474745999999982,385.34490966796875,-3.599050492031014,119827.3,557849.2549466356,cholestenone
PREFA21,450.0,371.3583,445.008384,-4.991616000000022,371.3565368652344,-3.871231455702604,31871.59,42006.63393784058,coprostanol
PREFB21,432.6,369.3519,428.427582,-4.17241800000005,369.34942626953125,-7.234549833270238,52692.49,11424.10762508059,cholesterol
PREFB21,420.0,385.3465,421.474458,1.474458000000027,385.3451232910156,-3.942229523120621,114632.5,549185.4952268002,cholestenone
PREFB21,450.0,371.3583,445.00809,-4.991910000000019,371.3564758300781,-3.186412640395085,50815.17,73875.73307867613,coprostanol
SM-9QXOC,432.6,369.3519,432.7065,0.106499999999983,369.3499450683594,-5.292870134485692,30662.53,187597.5979415639,cholesterol
SM-9QXOC,420.0,385.3465,421.742004,1.742004000000009,385.3447570800781,-4.549392424551486,80073.61,431679.2955624096,cholestenone
SM-9QXOC,450.0,371.3583,450.0,0.0,371.3583,0.0,0.0,0.0,coprostanol
SM-AFCKD,432.6,369.3519,428.160666,-4.439334000000031,369.3492736816406,-7.110612831220161,45772.24,0.0,cholesterol
SM-AFCKD,420.0,385.3465,420.137772,0.137771999999984,385.3451843261719,-3.678245653074387,102207.6,591345.945373301,cholestenone
SM-AFCKD,450.0,371.3583,450.0,0.0,371.3583,0.0,0.0,0.0,coprostanol
SM-9QMQ9,432.6,369.3519,435.915648,3.315647999999953,369.34967041015625,-5.182703910389878,29256.24,129470.7579458142,cholesterol
SM-9QMQ9,420.0,385.3465,420.404892,0.404892000000018,385.3450622558594,-3.915831136204504,106590.3,562460.9270249481,cholestenone
SM-9QMQ9,450.0,371.3583,445.275648,-4.72435200000001,371.3564147949219,-3.926016960872102,44405.26,65869.21028957891,coprostanol
SM-9VWCE,432.6,369.3519,437.52042,4.920419999999979,369.3500061035156,-4.879746794318766,27827.34,84717.5448295014,cholesterol
SM-9VWCE,420.0,385.3465,419.602662,-0.397337999999991,385.3446044921875,-4.179815006250738,109925.9,584957.9585152561,cholestenone
SM-9VWCE,450.0,371.3583,445.008426,-4.991574000000014,371.35693359375,-3.980802466041598,126825.8,99226.11768540464,coprostanol
SM-9ZA5J,432.6,369.3519,435.648948,3.048947999999996,369.3503723144531,-5.127620798418921,49071.85,139592.5148940873,cholesterol
SM-9ZA5J,420.0,385.3465,420.94044,0.940440000000024,385.3444519042969,-4.760579520617975,84801.08,472650.2813076935,cholestenone
SM-9ZA5J,450.0,371.3583,445.008948,-4.991052000000025,371.35736083984375,-2.980966995818136,25481.28,72967.98386701236,coprostanol
SM-AGULV,432.6,369.3519,437.520084,4.920083999999974,369.34991455078125,-5.513202582523419,64586.29,125505.2580562204,cholesterol
SM-AGULV,420.0,385.3465,423.613818,3.613817999999981,385.34442138671875,-4.681384359574603,92368.98,419798.8179407796,cholestenone
SM-AGULV,450.0,371.3583,445.810332,-4.189667999999983,371.3564453125,-4.994334312672237,28316.35,72830.14414482439,coprostanol
SM-AXQRD,432.6,369.3519,437.519622,4.919622000000004,369.3501281738281,-5.898784366781815,73027.81,113461.5461577079,cholesterol
SM-AXQRD,420.0,385.3465,419.067108,-0.932891999999981,385.3446044921875,-4.60218919853123,84333.65,441934.0854560741,cholestenone
SM-AXQRD,450.0,371.3583,445.275,-4.725000000000023,371.35662841796875,-4.364301002687283,44511.6,67971.11778238422,coprostanol
SM-AUP8B,432.6,369.3519,429.766422,-2.833578000000046,369.3492126464844,-7.27586216728693,42351.94,136882.1648947389,cholesterol
SM-AUP8B,420.0,385.3465,424.952676,4.952675999999997,385.3447570800781,-4.338205328337484,124589.8,313316.7049382929,cholestenone
SM-AUP8B,450.0,371.3583,450.0,0.0,371.3583,0.0,0.0,0.0,coprostanol
SM-A9F71,432.6,369.3519,435.380886,2.780885999999953,369.3500671386719,-4.962371462352151,26613.18,149290.1186242149,cholesterol
SM-A9F71,420.0,385.3465,420.405,0.404999999999973,385.3448486328125,-4.417400489380857,93953.1,596873.3152064666,cholestenone
SM-A9F71,450.0,371.3583,450.0,0.0,371.3583,0.0,0.0,0.0,coprostanol
SM-APDXF,432.6,369.3519,435.915786,3.315786000000003,369.34893798828125,-8.019484179587394,48539.87,136905.9205605735,cholesterol
SM-APDXF,420.0,385.3465,424.14891,4.148910000000001,385.3441467285156,-5.473335970008329,94278.68,287512.397329207,cholestenone
SM-APDXF,450.0,371.3583,445.0083,-4.99169999999998,371.3568420410156,-4.583443023518338,115993.6,110596.9059976915,coprostanol
SM-6YAZR,432.6,369.3519,434.311494,1.711493999999959,369.353759765625,5.365712041820969,75631.1,188844.9855951096,cholesterol
SM-6YAZR,420.0,385.3465,420.940122,0.940121999999974,385.3443603515625,-4.562591618009543,87155.36,349541.4208202037,cholestenone
SM-6YAZR,450.0,371.3583,450.0,0.0,371.3583,0.0,0.0,0.0,coprostanol
SM-7MCUF,432.6,369.3519,432.439158,-0.160842000000002,369.3494567871094,-5.81615969874843,24053.9,164089.0038723961,cholesterol
SM-7MCUF,420.0,385.3465,423.079272,3.079272000000003,385.3446350097656,-4.681384359574603,91148.2,256505.7391475284,cholestenone
SM-7MCUF,450.0,371.3583,446.612904,-3.387095999999985,371.3563537597656,-5.240869086164575,15699.4,65716.51224235806,coprostanol
SM-76CAL,432.6,369.3519,430.032318,-2.567682000000048,369.3500061035156,-6.229283038915355,29649.63,146242.7485272686,cholesterol
SM-76CAL,420.0,385.3465,418.265442,-1.734557999999993,385.34490966796875,-3.942229523120621,79242.87,306547.2122677682,cholestenone
SM-76CAL,450.0,371.3583,445.275708,-4.724291999999991,371.35693359375,-3.679482187379763,26977.02,11051.6242242654,coprostanol
SM-9RRZP,432.6,369.3519,435.915912,3.315911999999969,369.3536376953125,2.473848660652495,71274.7,171476.2185117352,cholesterol
SM-9RRZP,420.0,385.3465,421.74228,1.742279999999994,385.3451232910156,-4.047823071227621,77813.86,341677.5262993255,cholestenone
SM-9RRZP,450.0,371.3583,445.275918,-4.72408200000001,371.357177734375,-3.022056124733526,21384.82,40894.00154636761,coprostanol
SM-7IL1O,432.6,369.3519,427.892454,-4.707546000000036,369.3499450683594,-5.416807136535769,59474.42,120202.640551799,cholesterol
SM-7IL1O,420.0,385.3465,424.148448,4.148447999999974,385.3447265625,-4.338205328337484,76187.93,258158.2101640231,cholestenone
SM-7IL1O,450.0,371.3583,450.0,0.0,371.3583,0.0,0.0,0.0,coprostanol
SM-6M48S,432.6,369.3519,429.497538,-3.102462000000003,369.3496398925781,-6.284366150886311,24643.98,108754.7954049471,cholesterol
SM-6M48S,420.0,385.3465,418.800408,-1.199591999999996,385.3445739746094,-4.483396456966171,65054.42,296253.8814372434,cholestenone
SM-6M48S,450.0,371.3583,450.0,0.0,371.3583,0.0,0.0,0.0,coprostanol
SM-64NA9,432.6,369.3519,437.52018,4.920179999999959,369.3499450683594,-4.852205238256338,86449.13,169870.5766899858,cholesterol
SM-64NA9,420.0,385.3465,423.079176,3.079176000000018,385.3445739746094,-4.707782746638231,92250.48,361759.9413843262,cholestenone
SM-64NA9,450.0,371.3583,445.008186,-4.991813999999977,371.35650634765625,-4.145158981703157,122673.1,202398.0196956078,coprostanol
SM-5QVZD,432.6,369.3519,436.183374,3.583373999999992,369.34942626953125,-5.485661026614889,160334.4,422258.6390153912,cholesterol
SM-5QVZD,420.0,385.3465,421.474872,1.474872000000005,385.34527587890625,-2.622310172446914,157637.8,765738.0312454118,cholestenone
SM-5QVZD,450.0,371.3583,445.275882,-4.724117999999976,371.35675048828125,-4.419086507856779,555902.0,1208966.198046218,coprostanol
SM-7IL1K,432.6,369.3519,434.044182,1.444181999999955,369.3543701171875,5.806376938050322,129754.9,471523.5488397188,cholesterol
SM-7IL1K,420.0,385.3465,422.009916,2.009915999999976,385.34478759765625,-4.338205328337484,127147.3,519275.5020234093,cholestenone
SM-7IL1K,450.0,371.3583,445.008672,-4.99132800000001,371.3565673828125,-4.528657518348841,130959.0,132589.2357425463,coprostanol
SM-71WY2,432.6,369.3519,437.25291,4.652909999999963,369.3498840332031,-5.265328578423262,79972.66,181658.4202218358,cholesterol
SM-71WY2,420.0,385.3465,423.881532,3.881531999999993,385.3446960449219,-3.889432749140876,100824.3,391715.8971283572,cholestenone
SM-71WY2,450.0,371.3583,445.008294,-4.991706000000022,371.3565368652344,-4.720406786518614,115587.2,179139.0185951459,coprostanol
PREFA22,432.6,369.3519,435.6486,3.048599999999965,369.3502502441406,-5.871242810719386,70461.48,200093.615044318,cholesterol
PREFA22,420.0,385.3465,424.95147,4.951469999999972,385.3450012207031,-4.021424684163993,142862.7,350185.9568943379,cholestenone
PREFA22,450.0,371.3583,446.613108,-3.386891999999989,371.35675048828125,-4.172551734364441,31656.31,66295.04983986325,coprostanol
PREFB22,432.6,369.3519,431.369118,-1.230882000000008,369.3496398925781,-6.119116814819542,62312.82,377243.5221537724,cholesterol
PREFB22,420.0,385.3465,422.544114,2.544113999999979,385.34503173828125,-3.546253717903757,132778.4,496413.6177693217,cholestenone
PREFB22,450.0,371.3583,445.008,-4.992000000000019,371.3564147949219,-4.720406786518614,35472.58,63494.6934205493,coprostanol
SM-7CRX2,432.6,369.3519,437.52003,4.920029999999997,369.3509521484375,-4.136124782018302,86268.47,200711.2695667827,cholesterol
SM-7CRX2,420.0,385.3465,421.741782,1.741782000000001,385.3451232910156,-3.757440814117759,111915.9,537862.2740950655,cholestenone
SM-7CRX2,450.0,371.3583,445.275408,-4.724591999999973,371.3564147949219,-4.665621281349118,183678.5,395735.7906800343,coprostanol
SM-6MYZ2,432.6,369.3519,437.519874,4.919873999999993,369.3501281738281,-5.485661026614889,63804.13,164642.0474205658,cholesterol
SM-6MYZ2,420.0,385.3465,424.415994,4.415994000000012,385.3451843261719,-4.707782746638231,118923.7,406205.0272404623,cholestenone
SM-6MYZ2,450.0,371.3583,445.007886,-4.992114000000015,371.3567810058594,-4.556050270857056,228660.2,272047.343979167,coprostanol
SM-7ED9R,432.6,369.3519,437.520294,4.920293999999956,369.3500671386719,-5.403036358581505,68408.58,111987.7866983161,cholesterol
SM-7ED9R,420.0,385.3465,424.95117,4.951169999999991,385.3449401855469,-3.810237588097503,106568.2,288939.8347856699,cholestenone
SM-7ED9R,450.0,371.3583,445.008312,-4.991688000000011,371.357177734375,-3.706874940041046,256949.8,311591.546043426,coprostanol
SM-76EO9,432.6,369.3519,434.311122,1.711121999999989,369.35443115234375,7.100830070522053,328980.3,945958.1598353905,cholesterol
SM-76EO9,420.0,385.3465,421.742112,1.74211200000002,385.34515380859375,-4.206213393314366,130946.5,593656.7100078753,cholestenone
SM-76EO9,450.0,371.3583,445.27575,-4.724249999999984,371.3570861816406,-3.268590898225864,173505.1,280801.0172779546,coprostanol
SM-6Y87V,432.6,369.3519,429.497412,-3.102588000000026,369.3500671386719,-4.962371462352151,36039.0,162944.0678698591,cholesterol
SM-6Y87V,420.0,385.3465,416.126028,-3.873971999999981,385.3448181152344,-4.681384359574603,105785.0,400202.3481158446,cholestenone
SM-6Y87V,450.0,371.3583,445.008294,-4.991706000000022,371.3562316894531,-4.309515497364716,46408.01,91754.75911562197,coprostanol
SM-A2HYM,432.6,369.3519,437.520372,4.920371999999986,369.35040283203125,-4.025958557922489,69567.53,113143.4054793869,cholesterol
SM-A2HYM,420.0,385.3465,415.591362,-4.408637999999996,385.3450012207031,-4.179815006250738,95342.1,305658.5969603418,cholestenone
SM-A2HYM,450.0,371.3583,445.00839,-4.99160999999998,371.3572998046875,-3.706874940041046,151628.3,149974.1568575542,coprostanol
SM-7IWEW,432.6,369.3519,432.706494,0.106493999999998,369.34979248046875,-5.705993474652617,50178.99,172258.865671951,cholesterol
SM-7IWEW,420.0,385.3465,424.951104,4.951103999999987,385.3447570800781,-4.153416619334622,181059.2,352076.5513111505,cholestenone
SM-7IWEW,450.0,371.3583,450.0,0.0,371.3583,0.0,0.0,0.0,coprostanol
SM-9P5FG,432.6,369.3519,437.252202,4.652201999999988,369.3504943847656,-5.292870134485692,36173.9,110089.1480196088,cholesterol
SM-9P5FG,420.0,385.3465,423.88083,3.880830000000003,385.3449401855469,-4.206213393314366,104670.9,440834.7664666005,cholestenone
SM-9P5FG,450.0,371.3583,445.274958,-4.725041999999974,371.3570556640625,-3.350769156056644,42256.07,74034.38398434923,coprostanol
SM-9SIIW,432.6,369.3519,437.253228,4.653227999999956,369.35015869140625,-4.576789678247655,68701.43,125460.7876324751,cholesterol
SM-9SIIW,420.0,385.3465,423.079476,3.079476,385.34503173828125,-4.153416619334622,91049.25,410393.57323936,cholestenone
SM-9SIIW,450.0,371.3583,445.275984,-4.724016000000006,371.3567810058594,-4.227337239533937,226064.2,332628.6543126558,coprostanol
SM-7J5TW,432.6,369.3519,437.252934,4.652933999999959,369.3502502441406,-4.989913018414581,54459.7,107796.4103332086,cholesterol
SM-7J5TW,420.0,385.3465,422.276928,2.276927999999998,385.34478759765625,-4.575790811467601,96035.81,376847.8133960072,cholestenone
SM-7J5TW,450.0,371.3583,445.008318,-4.991682000000026,371.3567199707031,-4.035587971364164,231655.5,366759.0517416394,coprostanol
SM-7E5ED,432.6,369.3519,428.694576,-3.905424000000039,369.3499450683594,-5.403036358581505,50680.73,132925.9800590717,cholesterol
SM-7E5ED,420.0,385.3465,415.0557,-4.944299999999998,385.34417724609375,-5.209352099814582,93572.4,244947.1080076366,cholestenone
SM-7E5ED,450.0,371.3583,450.0,0.0,371.3583,0.0,0.0,0.0,coprostanol
SM-6ZT2N,432.6,369.3519,436.450872,3.850871999999981,369.3514099121094,-1.54721851692094,65386.59,132360.1419820117,cholesterol
SM-6ZT2N,420.0,385.3465,421.47486,1.474859999999978,385.346923828125,-0.299252115125478,148787.2,577715.0905879175,cholestenone
SM-6ZT2N,450.0,371.3583,450.0,0.0,371.3583,0.0,0.0,0.0,coprostanol
SM-6XSL6,432.6,369.3519,430.031598,-2.568402000000049,369.35125732421875,-1.202949066833136,50648.45,107782.2316412908,cholesterol
SM-6XSL6,420.0,385.3465,421.47384,1.473839999999996,385.3465576171875,0.043926915964128,112713.2,458720.3609897842,cholestenone
SM-6XSL6,450.0,371.3583,450.0,0.0,371.3583,0.0,0.0,0.0,coprostanol
SM-9SNJ4,432.6,369.3519,437.520102,4.920101999999986,369.3515930175781,-1.161636732816443,72935.27,167839.4995441386,cholesterol
SM-9SNJ4,420.0,385.3465,424.950972,4.950971999999979,385.3465270996094,0.017528529048012,213930.9,349629.0739371269,cholestenone
SM-9SNJ4,450.0,371.3583,454.902864,4.902864000000022,371.35809326171875,-1.707203999441052,21772.42,0.0,coprostanol
SM-7MCTQ,432.6,369.3519,436.719552,4.119551999999999,369.3511657714844,-1.822634077083523,67263.1,137133.5612562525,cholesterol
SM-7MCTQ,420.0,385.3465,422.54592,2.545920000000024,385.34576416015625,-0.959211790536088,93911.27,490606.4195058733,cholestenone
SM-7MCTQ,450.0,371.3583,450.0,0.0,371.3583,0.0,0.0,0.0,coprostanol
SM-7CRWP,432.6,369.3519,434.578488,1.97848799999997,369.3516540527344,-0.541951722566056,49140.3,170560.9232742477,cholesterol
SM-7CRWP,420.0,385.3465,424.951116,4.951116000000013,385.3461608886719,-0.589634372382853,104077.4,331448.648825508,cholestenone
SM-7CRWP,450.0,371.3583,450.0,0.0,371.3583,0.0,0.0,0.0,coprostanol
SM-CJ2ZF,432.6,369.3519,428.962872,-3.637128000000018,369.35040283203125,-4.053500113984917,55392.4,156527.7784172332,cholesterol
SM-CJ2ZF,420.0,385.3465,423.881742,3.881741999999974,385.3462219238281,-1.012008564515832,92596.7,337010.6983365357,cholestenone
SM-CJ2ZF,450.0,371.3583,450.0,0.0,371.3583,0.0,0.0,0.0,coprostanol
SM-AMR3J,432.6,369.3519,436.985568,4.385567999999978,369.35107421875,-1.698697075033446,62947.47,87170.37517351256,cholesterol
SM-AMR3J,420.0,385.3465,424.951314,4.951314000000025,385.34649658203125,-0.880016629492715,99090.8,312173.9677173629,cholestenone
SM-AMR3J,450.0,371.3583,450.0,0.0,371.3583,0.0,0.0,0.0,coprostanol
SM-AVADT,432.6,369.3519,432.974736,0.374735999999984,369.3503723144531,-4.136124782018302,47446.26,139634.3392984509,cholesterol
SM-AVADT,420.0,385.3465,424.951854,4.951854000000026,385.3460388183594,-0.959211790536088,495311.4,418315.9110509367,cholestenone
SM-AVADT,450.0,371.3583,445.811244,-4.188756000000012,371.3577880859375,-1.378490968117934,19102.64,0.0,coprostanol
SM-B1SBW,432.6,369.3519,431.637162,-0.962838000000033,369.3512268066406,-1.822634077083523,29160.24,108655.5104671294,cholesterol
SM-B1SBW,420.0,385.3465,424.951416,4.951415999999995,385.34625244140625,-1.170398886602577,140194.2,319423.7428155946,cholestenone
SM-B1SBW,450.0,371.3583,445.810794,-4.189206000000013,371.3585510253906,0.675965477651557,13510.27,0.0,coprostanol
PREFA23,432.6,369.3519,437.520582,4.920581999999968,369.35052490234375,-2.951837873488484,131421.2,145910.9977605338,cholesterol
PREFA23,420.0,385.3465,424.951452,4.951452000000018,385.34588623046875,-1.645569852862813,708182.2,490714.6333072776,cholestenone
PREFA23,450.0,371.3583,445.27596,-4.724040000000002,371.35821533203125,-0.227995358487019,19242.41,0.0,coprostanol
PREFB23,432.6,369.3519,428.69544,-3.904560000000004,369.35040283203125,-4.053500113984917,75178.25,204762.5935051338,cholesterol
PREFB23,420.0,385.3465,424.951434,4.951434000000006,385.34564208984375,-1.988748884099933,117213.1,312334.915476277,cholestenone
PREFB23,450.0,371.3583,445.275948,-4.724051999999972,371.35772705078125,-0.885421421133256,38502.5,39336.07093835095,coprostanol
SM-AK8KS,432.6,369.3519,435.648348,3.048347999999976,369.35064697265625,-3.43381510373453,24274.64,110298.7208234584,cholesterol
SM-AK8KS,420.0,385.3465,424.416342,4.416341999999986,385.34564208984375,-2.147139206186678,88293.73,327864.729078208,cholestenone
SM-AK8KS,450.0,371.3583,446.345478,-3.654521999999986,371.3575744628906,-1.953738772933391,15248.57,0.0,coprostanol
SM-B4LHS,432.6,369.3519,428.695296,-3.904704000000038,369.3505859375,-3.557752105784607,31949.32,95846.1918876332,cholesterol
SM-B4LHS,420.0,385.3465,424.95129,4.951289999999972,385.3457336425781,-1.328789208689323,100064.5,217368.77435953,cholestenone
SM-B4LHS,450.0,371.3583,450.0,0.0,371.3583,0.0,0.0,0.0,coprostanol
SM-CEFO7,432.6,369.3519,431.9046,-0.695400000000007,369.34991455078125,-5.375494802519076,35351.78,196576.7483199431,cholesterol
SM-CEFO7,420.0,385.3465,416.92872,-3.071280000000002,385.3463134765625,-0.985610177599716,110098.5,452233.1899580967,cholestenone
SM-CEFO7,450.0,371.3583,445.008606,-4.991394000000014,371.3579406738281,-1.173045323540985,28397.74,54521.83530606465,coprostanol
SM-CRT7P,432.6,369.3519,436.985454,4.385453999999982,369.350341796875,-3.76431377586807,25500.3,72199.28568461114,cholesterol
SM-CRT7P,420.0,385.3465,421.207194,1.207194000000015,385.3458557128906,-2.028346464621618,86109.85,514449.5240235451,cholestenone
SM-CRT7P,450.0,371.3583,445.00833,-4.991669999999999,371.3576354980469,-1.131956194625595,18067.4,0.0,coprostanol
SM-AWQK7,432.6,369.3519,436.18335,3.583349999999996,369.3509216308594,-3.089545653646726,34276.45,74944.38898302033,cholesterol
SM-AWQK7,420.0,385.3465,424.951344,4.951344000000006,385.34539794921875,-2.147139206186678,127562.7,338891.9793174562,cholestenone
SM-AWQK7,450.0,371.3583,445.543356,-4.456643999999983,371.35784912109375,-1.214134452456374,19815.83,9973.99365267182,coprostanol
SM-9NBF6,432.6,369.3519,434.04438,1.444379999999967,369.3537292480469,3.093533670902882,41510.57,220703.1278615238,cholesterol
SM-9NBF6,420.0,385.3465,424.416996,4.416995999999983,385.3457336425781,-1.90955372305656,91670.85,287331.3493515815,cholestenone
SM-9NBF6,450.0,371.3583,450.0,0.0,371.3583,0.0,0.0,0.0,coprostanol
SM-9ZE8T,432.6,369.3519,437.25324,4.653239999999983,369.35113525390625,-3.034462541521869,68104.96,108815.6264913393,cholesterol
SM-9ZE8T,420.0,385.3465,420.405354,0.405353999999988,385.3453674316406,-2.147139206186678,78268.9,475629.8785634829,cholestenone
SM-9ZE8T,450.0,371.3583,445.008744,-4.991256000000021,371.3576965332031,-2.145488041256233,65735.62,109603.835742279,coprostanol
SM-7D34O,432.6,369.3519,427.625868,-4.974131999999997,369.3504943847656,-3.144628765617683,89198.32,179537.6498364126,cholesterol
SM-7D34O,420.0,385.3465,420.40524,0.405239999999992,385.3459777832031,-2.305529528273423,77861.59,422405.7525953871,cholestenone
SM-7D34O,450.0,371.3583,445.810878,-4.189121999999998,371.3569641113281,-3.597303929548983,13666.61,0.0,coprostanol
SM-7NSP1,432.6,369.3519,431.637378,-0.96262200000001,369.3497314453125,-6.077804480802849,33076.47,188149.384235692,cholesterol
SM-7NSP1,420.0,385.3465,421.47498,1.474980000000016,385.3456115722656,-2.331927915337051,97793.74,539680.4622418426,cholestenone
SM-7NSP1,450.0,371.3583,450.0,0.0,371.3583,0.0,0.0,0.0,coprostanol
SM-7F1RW,432.6,369.3519,436.451052,3.851051999999982,369.35040283203125,-1.767550965112567,82248.21,196053.6679683117,cholesterol
SM-7F1RW,420.0,385.3465,422.81217,2.812169999999981,385.3458251953125,-1.962350497036304,87292.53,327803.0653345053,cholestenone
SM-7F1RW,450.0,371.3583,445.008684,-4.991315999999983,371.3580017089844,-1.501758354864103,82938.32,74187.4676193421,coprostanol
SM-9T55L,432.6,369.3519,436.18344,3.583439999999996,369.3508605957031,-2.979379429550912,65213.28,204629.9196027815,cholesterol
SM-9T55L,420.0,385.3465,424.951434,4.951434000000006,385.3456726074219,-2.252732754293679,92210.68,239185.4286444035,cholestenone
SM-9T55L,450.0,371.3583,445.54344,-4.456560000000025,371.3575439453125,-2.03591703076417,85031.23,169837.6651092588,coprostanol
SM-A8XLM,432.6,369.3519,437.520978,4.920977999999991,369.35064697265625,-3.502668993813651,111566.2,171322.2761676279,cholesterol
SM-A8XLM,420.0,385.3465,424.951842,4.951841999999999,385.3460388183594,-1.751163400969814,141487.2,332016.5799368341,cholestenone
SM-A8XLM,450.0,371.3583,445.811226,-4.188774000000024,371.357421875,-2.309844556917792,101243.0,142253.6502092002,coprostanol
SM-AK8LH,432.6,369.3519,432.977868,0.377867999999978,369.3514709472656,-0.39047316445355,43652.19,191853.225503095,cholesterol
SM-AK8LH,420.0,385.3465,424.955118,4.955118000000027,385.34588623046875,-1.671968239926442,167620.3,304825.7336738241,cholestenone
SM-AK8LH,450.0,371.3583,454.90701,4.907010000000014,371.357666015625,-1.994827901848781,28805.5,0.0,coprostanol
SM-7J5UD,432.6,369.3519,435.38127,2.78126999999995,369.3509216308594,-2.786588537421714,67091.22,183534.8835776404,cholesterol
SM-7J5UD,420.0,385.3465,419.870382,-0.129617999999994,385.3464050292969,-0.748024694469598,93598.36,416418.2362314011,cholestenone
SM-7J5UD,450.0,371.3583,445.008648,-4.991352000000006,371.35748291015625,-2.03591703076417,124074.7,113124.412518446,coprostanol
SM-9YTMA,432.6,369.3519,437.25363,4.653629999999964,369.3504638671875,-3.020691763567605,49353.34,112526.7421987995,cholesterol
SM-9YTMA,420.0,385.3465,423.882258,3.882257999999979,385.34564208984375,-1.302390821773207,87743.99,319195.1668552746,cholestenone
SM-9YTMA,450.0,371.3583,445.009008,-4.990992000000006,371.3580322265625,-0.721064905471697,30434.22,46778.41169595115,coprostanol
SM-AFSIO,432.6,369.3519,437.253006,4.653006000000005,369.3511962890625,-2.263298973312876,73886.08,145403.8739647077,cholesterol
SM-AFSIO,420.0,385.3465,422.277126,2.27712600000001,385.3460998535156,-1.592773078883069,96651.71,393088.0049574145,cholestenone
SM-AFSIO,450.0,371.3583,445.275894,-4.724106000000006,371.35772705078125,-0.529315637148855,36592.31,97208.96625620537,coprostanol
SM-AVPGZ,432.6,369.3519,437.52105,4.92104999999998,369.35089111328125,-2.566256089383988,291088.5,144257.4918825163,cholesterol
SM-AVPGZ,420.0,385.3465,424.951908,4.951908000000003,385.3459167480469,-1.592773078883069,284242.7,332630.5243335029,cholestenone
SM-AVPGZ,450.0,371.3583,445.276542,-4.723457999999994,371.357666015625,-1.378490968117934,30755.38,40829.62295372957,coprostanol
SM-9O9R1,432.6,369.3519,434.579292,1.979291999999987,369.3554382324219,9.359237663485876,353966.7,1228743.928529479,cholesterol
SM-9O9R1,420.0,385.3465,424.951908,4.951908000000003,385.3457946777344,-1.407984369732696,149715.3,279809.5174259836,cholestenone
SM-9O9R1,450.0,371.3583,446.078676,-3.921324000000027,371.357666015625,-1.707203999441052,24296.95,0.0,coprostanol
SM-A14CQ,432.6,369.3519,436.985778,4.385777999999959,369.3512268066406,-0.803596504620475,80550.17,93335.92125509067,cholesterol
SM-A14CQ,420.0,385.3465,424.951524,4.951524000000006,385.3459777832031,-1.645569852862813,362988.5,585051.2685044559,cholestenone
SM-A14CQ,450.0,371.3583,446.078406,-3.921594000000027,371.3578186035156,-1.296312710287154,18441.17,0.0,coprostanol
SM-C1WB2,432.6,369.3519,433.776972,1.176971999999978,369.3511962890625,-2.703963869388329,48524.18,169481.2274213112,cholesterol
SM-C1WB2,420.0,385.3465,421.207842,1.207842000000028,385.3460388183594,-0.325650502189107,74805.81,423521.0294901209,cholestenone
SM-C1WB2,450.0,371.3583,450.0,0.0,371.3583,0.0,0.0,0.0,coprostanol
PREFA24,432.6,369.3519,437.520414,4.920413999999994,369.3511962890625,-2.125591193154635,148593.2,158882.543473184,cholesterol
PREFA24,420.0,385.3465,424.95129,4.951289999999972,385.346435546875,-0.51043921133948,477450.3,437188.989318943,cholestenone
PREFA24,450.0,371.3583,446.345544,-3.654455999999982,371.3577575683594,-1.460669225948713,22186.73,21467.12697608843,coprostanol
PREFB24,432.6,369.3519,430.033392,-2.566608000000031,369.3514709472656,-2.070508081183678,57250.65,239362.2777821725,cholesterol
PREFB24,420.0,385.3465,424.952262,4.952262000000019,385.3463439941406,-0.140861793038733,138510.9,370819.6997284612,cholestenone
PREFB24,450.0,371.3583,446.079024,-3.920975999999996,371.35845947265625,0.429430704159218,24044.04,66518.09443846316,coprostanol
SM-CH32P,432.6,369.3519,437.430684,4.830683999999963,369.3509826660156,-1.285573734866521,38413.47,54949.48180859678,cholesterol
SM-CH32P,420.0,385.3465,424.861554,4.861554000000012,385.346435546875,-0.19365856716599,149253.0,516384.1883819991,cholestenone
SM-CH32P,450.0,371.3583,445.720938,-4.27906200000001,371.35791015625,-1.049777936794815,17093.14,0.0,coprostanol
SM-AFSIG,432.6,369.3519,430.03272,-2.567280000000039,369.3515930175781,-1.202949066833136,29095.61,140586.2330145935,cholesterol
SM-AFSIG,420.0,385.3465,422.009964,2.009964000000025,385.3468933105469,-0.06166663199536,79190.31,411285.9866301227,cholestenone
SM-AFSIG,450.0,371.3583,450.0,0.0,371.3583,0.0,0.0,0.0,coprostanol
SM-AJDM5,432.6,369.3519,437.252946,4.652945999999986,369.35211181640625,-0.142599160353395,69484.7,123397.6822350952,cholesterol
SM-AJDM5,420.0,385.3465,424.951314,4.951314000000025,385.3465881347656,0.307910786157875,233899.4,447873.8065133044,cholestenone
SM-AJDM5,450.0,371.3583,446.88045,-3.119550000000004,371.35858154296875,0.758143735482336,17959.13,46416.02856412543,coprostanol
SM-A47S3,432.6,369.3519,429.76521,-2.834789999999998,369.35174560546875,-0.418014720515979,29615.43,141459.9176107329,cholesterol
SM-A47S3,420.0,385.3465,419.06808,-0.931919999999991,385.34674072265625,0.281512399094246,73365.08,296512.7154989548,cholestenone
SM-A47S3,450.0,371.3583,445.810842,-4.18915800000002,371.3582763671875,-0.06363884282546,29634.04,0.0,coprostanol
SM-ASN2Z,432.6,369.3519,429.765564,-2.834436000000039,369.3517761230469,-0.335390052482594,39811.8,171619.6656917052,cholesterol
SM-ASN2Z,420.0,385.3465,424.951812,4.951812000000018,385.3467102050781,0.175918851134758,108611.1,287662.0648690275,cholestenone
SM-ASN2Z,450.0,371.3583,450.0,0.0,371.3583,0.0,0.0,0.0,coprostanol
SM-B5F9B,432.6,369.3519,436.718004,4.118003999999985,369.3518371582031,-0.294077718465901,48415.22,116448.0134897018,cholesterol
SM-B5F9B,420.0,385.3465,415.858614,-4.141386000000011,385.3466491699219,0.175918851134758,80118.06,275167.2638741883,cholestenone
SM-B5F9B,450.0,371.3583,447.95001,-2.04998999999998,371.3583068847656,0.01853941500532,16290.18,38327.66458695721,coprostanol
SM-CHZLQ,432.6,369.3519,437.521068,4.921067999999991,369.3515319824219,-0.307848496420165,108185.6,112994.5533718673,cholesterol
SM-CHZLQ,420.0,385.3465,424.951944,4.951944000000026,385.3468322753906,0.835878526397855,117579.2,269970.2134314469,cholestenone
SM-CHZLQ,450.0,371.3583,445.276452,-4.723547999999994,371.35870361328125,0.675965477651557,89258.16,124799.1716009272,coprostanol
SM-CL4HR,432.6,369.3519,437.520834,4.920833999999957,369.351806640625,-1.354427624945642,86209.06,119578.0303662556,cholesterol
SM-CL4HR,420.0,385.3465,421.207692,1.207692000000009,385.34661865234375,0.941472074504856,84160.05,357019.0858837411,cholestenone
SM-CL4HR,450.0,371.3583,445.2762,-4.723799999999983,371.35833740234375,0.53900171465128,58176.38,43123.0302041253,coprostanol
SM-AGUNH,432.6,369.3519,437.520984,4.920983999999976,369.3518371582031,-0.280306940511637,57066.0,99636.10814344877,cholesterol
SM-AGUNH,420.0,385.3465,418.800984,-1.199015999999972,385.3468322753906,1.073464009527973,80827.58,332166.5430307099,cholestenone
SM-AGUNH,450.0,371.3583,445.276368,-4.723632000000009,371.35931396484375,1.114249519466737,74624.79,75291.19346454633,coprostanol
SM-5U5DE,432.6,369.3519,433.514196,0.914196000000004,369.3529357910156,2.804347332786035,29581.65,191974.0500004214,cholesterol
SM-5U5DE,420.0,385.3465,418.270812,-1.729188000000022,385.346923828125,1.284651105741975,73684.42,299496.5908297256,cholestenone
SM-5U5DE,450.0,371.3583,446.083326,-3.916674,371.3587951660156,1.333391540297793,20647.81,20852.09176005457,coprostanol
SM-62ARQ,432.6,369.3519,430.835418,-1.764582000000019,369.35162353515625,-0.748513392649519,36624.4,121552.3348201413,cholesterol
SM-62ARQ,420.0,385.3465,424.95204,4.952040000000011,385.3468017578125,0.9942688484846,336773.1,381949.6158108755,cholestenone
SM-62ARQ,450.0,371.3583,450.0,0.0,371.3583,0.0,0.0,0.0,coprostanol
SM-6WJN1,432.6,369.3519,437.5212,4.921199999999999,369.3520202636719,-0.004891380349053833,77800.8,86109.37989112077,cholesterol
SM-6WJN1,420.0,385.3465,424.95207,4.952069999999992,385.34710693359375,1.258252718678347,80553.66,227594.8770211576,cholestenone
SM-6WJN1,450.0,371.3583,445.276578,-4.723422000000028,371.3586730957031,0.717054606566946,27559.9,22510.16660216121,coprostanol
SM-76ENW,432.6,369.3519,432.706734,0.10673399999996,369.3517150878906,-0.500639388549364,24973.88,173265.0308582991,cholesterol
SM-76ENW,420.0,385.3465,423.88161,3.881610000000023,385.346923828125,1.495838201808464,63516.13,218219.7387964329,cholestenone
SM-76ENW,450.0,371.3583,445.275864,-4.724135999999987,371.3587646484375,1.251213282467014,28634.78,48216.4200874747,coprostanol
SM-7DGV5,432.6,369.3519,437.520732,4.920731999999987,369.3519287109375,0.490856627851256,24754.13,87769.01047266833,cholesterol
SM-7DGV5,420.0,385.3465,424.684236,4.684235999999999,385.34698486328125,1.495838201808464,72332.48,220402.7686460554,cholestenone
SM-7DGV5,450.0,371.3583,445.810986,-4.189013999999986,371.358642578125,0.922500251143895,22110.99,17387.59646469803,coprostanol
SM-6CAJI,432.6,369.3519,435.648582,3.048581999999953,369.3554992675781,9.744819447590372,59407.52,170291.605272655,cholesterol
SM-6CAJI,420.0,385.3465,418.2657,-1.734300000000019,385.34710693359375,2.393383360349192,68524.32,284424.3193874126,cholestenone
SM-6CAJI,450.0,371.3583,445.008582,-4.99141800000001,371.35882568359375,1.826461087282471,138757.9,127372.0152286881,coprostanol
SM-7R3AC,432.6,369.3519,429.497664,-3.102336000000037,369.3516540527344,-0.665888724616134,40048.83,173485.5282678391,cholesterol
SM-7R3AC,420.0,385.3465,424.149162,4.14916199999999,385.3470458984375,2.208594651198818,99333.93,246751.169004333,cholestenone
SM-7R3AC,450.0,371.3583,445.275924,-4.724076000000025,371.35894775390625,1.799068334621188,69410.11,79928.00873425083,coprostanol
SM-9U262,432.6,369.3519,437.520588,4.920587999999953,369.3520202636719,0.201670289734409,58812.73,126718.7858010207,cholesterol
SM-9U262,420.0,385.3465,415.323954,-4.676045999999985,385.346923828125,1.12626078365523,76133.59,222223.4810583508,cholestenone
SM-9U262,450.0,371.3583,445.275966,-4.724034000000017,371.35943603515625,3.470026243898063,21057.7,27302.88142017107,coprostanol
SM-7AK5U,432.6,369.3519,437.52045,4.92044999999996,369.3517761230469,0.10527484374676,106472.7,122306.4626043964,cholesterol
SM-7AK5U,420.0,385.3465,424.95132,4.95132000000001,385.3469543457031,1.575033362851837,196060.4,304614.091346282,cholestenone
SM-7AK5U,450.0,371.3583,454.903206,4.903206000000012,371.3587646484375,0.758143735482336,28495.96,6785.537117871679,coprostanol
SM-9RD3C,432.6,369.3519,435.648684,3.04868399999998,369.35205078125,1.564977312285261,104077.0,183102.5980831933,cholesterol
SM-9RD3C,420.0,385.3465,424.951548,4.951548000000003,385.34722900390625,1.839017233045584,235230.6,565624.7309647526,cholestenone
SM-9RD3C,450.0,371.3583,454.903578,4.903577999999982,371.35906982421875,1.607319066451415,121864.5,21978.12652727348,coprostanol
SM-A4O3C,432.6,369.3519,437.520636,4.920636000000002,369.35205078125,0.353148847846915,100778.8,171407.3884881528,cholesterol
SM-A4O3C,420.0,385.3465,424.9515,4.95150000000001,385.3470153808594,1.099862396591601,359800.8,408566.3282862401,cholestenone
SM-A4O3C,450.0,371.3583,445.00851,-4.991489999999999,371.35931396484375,2.429101644759211,167649.5,157857.804869089,coprostanol
PREFA25,432.6,369.3519,427.89342,-4.706580000000031,369.35198974609375,0.284294957767794,115500.4,338710.5791511066,cholesterol
PREFA25,420.0,385.3465,424.951674,4.951674000000026,385.3470764160156,1.812618845981955,118953.9,327833.4592784105,cholestenone
PREFA25,450.0,371.3583,446.88081,-3.119190000000003,371.35968017578125,2.607154536674877,38616.53,66394.2264232963,coprostanol
PREFB25,432.6,369.3519,436.718388,4.118387999999982,369.35223388671875,1.041687748022522,68077.47,156254.4028984044,cholesterol
PREFB25,420.0,385.3465,424.951512,4.95151199999998,385.3468322753906,1.680626910958838,131949.3,340605.2257066069,cholestenone
PREFB25,450.0,371.3583,445.810896,-4.189103999999986,371.359375,2.894778439082606,35468.7,52292.00588084179,coprostanol
SM-77FXZ,432.6,369.3519,436.98567,4.385670000000005,369.35235595703125,1.592518868347689,100699.7,208508.7277782377,cholesterol
SM-77FXZ,420.0,385.3465,423.346914,3.346914000000027,385.347412109375,1.839017233045584,134283.0,487735.2676541418,cholestenone
SM-77FXZ,450.0,371.3583,445.543428,-4.456571999999994,371.3587951660156,2.401708892097928,302303.1,526269.6968776642,coprostanol
SM-7DGV1,432.6,369.3519,437.520252,4.920252000000005,369.3526306152344,1.344644864247534,190064.5,379563.073201865,cholesterol
SM-7DGV1,420.0,385.3465,422.544252,2.544251999999972,385.34716796875,2.446180134328936,122873.2,530311.4085341032,cholestenone
SM-7DGV1,450.0,371.3583,445.008252,-4.991747999999973,371.3592224121094,2.018210355605313,259713.6,287224.4354798428,coprostanol
SM-7I1GX,432.6,369.3519,437.520504,4.920503999999994,369.35247802734375,1.950559096389757,104329.2,122235.3614433755,cholesterol
SM-7I1GX,420.0,385.3465,424.951374,4.951373999999987,385.3471984863281,1.627830136831582,579464.2,729514.829730623,cholestenone
SM-7I1GX,450.0,371.3583,454.903266,4.903265999999974,371.3589782714844,2.045603108113527,153282.9,26519.30569617874,coprostanol
SM-A12KH,432.6,369.3519,437.519742,4.919741999999985,369.3520812988281,0.766272188013839,164962.1,261642.5200182845,cholesterol
SM-A12KH,420.0,385.3465,424.950606,4.950605999999993,385.3468933105469,1.469439814744836,173313.1,419512.2871519767,cholestenone
SM-A12KH,450.0,371.3583,445.542618,-4.457381999999996,371.35943603515625,2.894778439082606,44389.71,87503.46352066322,coprostanol
SM-AFJ1N,432.6,369.3519,437.520348,4.92034799999999,369.35211181640625,0.711189075888982,65842.52,125867.5331960396,cholesterol
SM-AFJ1N,420.0,385.3465,423.346704,3.346703999999988,385.34735107421875,2.393383360349192,111327.2,392697.035401915,cholestenone
SM-AFJ1N,450.0,371.3583,445.275714,-4.724286000000006,371.35919189453125,3.059134954744165,65959.61,84606.88296070413,coprostanol
SM-AM1I6,432.6,369.3519,437.52033,4.920329999999979,369.3522644042969,0.959063079989137,96010.03,140488.4130780926,cholesterol
SM-AM1I6,420.0,385.3465,423.079194,3.079193999999973,385.34765625,2.762960778502427,86938.59,393371.8068861829,cholestenone
SM-AM1I6,450.0,371.3583,445.275708,-4.724291999999991,371.3594970703125,3.141313212574945,153355.6,218672.9972667808,coprostanol
SM-9HYXZ,432.6,369.3519,437.520126,4.920125999999982,369.35223388671875,0.711189075888982,67298.33,113710.0603928965,cholesterol
SM-9HYXZ,420.0,385.3465,423.88125,3.881250000000023,385.34747314453125,2.050204329112073,74385.99,297941.47558735,cholestenone
SM-9HYXZ,450.0,371.3583,450.0,0.0,371.3583,0.0,0.0,0.0,coprostanol
SM-9OS7N,432.6,369.3519,437.520564,4.920563999999956,369.3529968261719,2.308599324585726,103875.6,177959.2778464437,cholesterol
SM-9OS7N,420.0,385.3465,424.951434,4.951434000000006,385.347412109375,2.604570456415682,139109.2,296931.0461924185,cholestenone
SM-9OS7N,450.0,371.3583,446.613216,-3.386783999999977,371.3597717285156,4.990324013767486,24984.33,54584.7956439605,coprostanol
SM-AHUO1,432.6,369.3519,437.520792,4.920791999999949,369.3526611328125,2.005642208514614,56590.58,87308.9377578706,cholesterol
SM-AHUO1,420.0,385.3465,420.137904,0.137903999999992,385.3475646972656,2.261391425178563,80395.0,494269.1137036393,cholestenone
SM-AHUO1,450.0,371.3583,446.078418,-3.921582000000001,371.3595886230469,3.470026243898063,19066.35,42224.87632578535,coprostanol
SM-AVJBU,432.6,369.3519,437.520372,4.920371999999986,369.3527526855469,2.170891544581384,82776.25,109491.9608458552,cholesterol
SM-AVJBU,420.0,385.3465,424.951236,4.951235999999994,385.3475036621094,2.525375295372309,313650.8,343618.2376735836,cholestenone
SM-AVJBU,450.0,371.3583,445.543122,-4.456878000000017,371.3587341308594,1.169035024636234,14994.22,0.0,coprostanol
SM-9WOBD,432.6,369.3519,437.253594,4.653593999999998,369.352783203125,1.151853972118336,63037.11,127754.3284476989,cholesterol
SM-9WOBD,420.0,385.3465,424.417086,4.417085999999983,385.34796142578125,2.551773682435937,93334.86,295210.6777439461,cholestenone
SM-9WOBD,450.0,371.3583,445.008972,-4.991027999999972,371.3594665527344,2.785207428590543,121858.0,168505.428362645,coprostanol
SM-B2OQN,432.6,369.3519,437.52087,4.920869999999979,369.3525695800781,1.647601980318646,94639.29,150018.0128512552,cholesterol
SM-B2OQN,420.0,385.3465,424.149486,4.149486000000024,385.3475646972656,2.815757552482171,82629.51,323535.4815870198,cholestenone
SM-B2OQN,450.0,371.3583,445.276254,-4.723746000000006,371.3594665527344,2.648243665590267,167199.1,261596.7237502261,coprostanol
SM-CE9V4,432.6,369.3519,437.25303,4.653030000000001,369.3523864746094,1.262020196214149,88124.36,182702.3271372068,cholesterol
SM-CE9V4,420.0,385.3465,422.00967,2.009670000000028,385.3479919433594,3.581310775999782,97927.25,478755.2101224668,cholestenone
SM-CE9V4,450.0,371.3583,445.275906,-4.72409399999998,371.3592834472656,2.566065407759487,285108.1,446677.2082783708,coprostanol
SM-A5QMX,432.6,369.3519,431.370084,-1.229916000000003,369.35211181640625,0.986604636051566,63637.19,265216.0698755628,cholesterol
SM-A5QMX,420.0,385.3465,416.126706,-3.873293999999987,385.3480224609375,3.37012367978578,103093.8,316741.0778870484,cholestenone
SM-A5QMX,450.0,371.3583,445.276338,-4.72366199999999,371.35943603515625,3.141313212574945,78842.3,61085.05168464767,coprostanol
SM-9VWC6,432.6,369.3519,436.985946,4.38594599999999,369.35284423828125,2.170891544581384,52740.84,116497.7799155428,cholesterol
SM-9VWC6,420.0,385.3465,424.416816,4.416815999999983,385.3472595214844,2.076602716175702,83824.86,262923.5702876184,cholestenone
SM-9VWC6,450.0,371.3583,445.008846,-4.991153999999995,371.3592834472656,3.031742202082882,82249.22,88311.47990156268,coprostanol
SM-AGUN1,432.6,369.3519,428.96283,-3.637170000000026,369.35272216796875,2.55647332868588,32857.79,143962.5261118416,cholesterol
SM-AGUN1,420.0,385.3465,423.881574,3.881574000000001,385.3471984863281,2.076602716175702,89574.16,332937.1971802851,cholestenone
SM-AGUN1,450.0,371.3583,450.0,0.0,371.3583,0.0,0.0,0.0,coprostanol
SM-AVR79,432.6,369.3519,437.52126,4.921259999999961,369.3528747558594,2.22597465655234,33662.37,88832.05138202259,cholesterol
SM-AVR79,420.0,385.3465,421.743126,1.743126000000018,385.3481140136719,3.68690432395927,81032.3,383104.9192280761,cholestenone
SM-AVR79,450.0,371.3583,445.009266,-4.990733999999975,371.3593444824219,2.785207428590543,194161.7,226977.5575190772,coprostanol
SM-B2OQ7,432.6,369.3519,436.451268,3.851268000000005,369.35260009765625,1.482352644251876,85305.22,162775.2804013133,cholesterol
SM-B2OQ7,420.0,385.3465,422.010138,2.010137999999984,385.3480224609375,2.868554326609428,89575.33,431620.3706469715,cholestenone
SM-B2OQ7,450.0,371.3583,445.276398,-4.723602000000028,371.3594970703125,2.812600181251826,314880.7,414413.4343582196,coprostanol
SM-9ZGIF,432.6,369.3519,432.974322,0.37432199999995,369.3516845703125,0.366919625801179,33260.67,114457.682498468,cholesterol
SM-9ZGIF,420.0,385.3465,421.20744,1.20744000000002,385.34796142578125,3.106139809739546,249980.2,1230176.750244301,cholestenone
SM-9ZGIF,450.0,371.3583,445.543452,-4.456547999999998,371.3592834472656,2.812600181251826,50354.78,117209.0884514008,coprostanol
SM-ARB69,432.6,369.3519,430.835286,-1.764714000000026,369.3526611328125,0.738730631951411,41410.84,207915.345368684,cholesterol
SM-ARB69,420.0,385.3465,419.870778,-0.129222000000027,385.3470458984375,3.106139809739546,88922.62,484632.909068267,cholestenone
SM-ARB69,450.0,371.3583,445.00905,-4.990949999999998,371.35919189453125,3.661775512220905,36034.34,66277.94193656302,coprostanol
PREFA26,432.6,369.3519,437.520966,4.920965999999964,369.3526611328125,2.418765548681539,79313.97,123710.9585177104,cholesterol
PREFA26,420.0,385.3465,421.207824,1.207824000000016,385.3476867675781,3.211733357699035,99052.17,487962.1741656068,cholestenone
PREFA26,450.0,371.3583,445.00896,-4.991039999999998,371.3592224121094,3.428937114982673,46384.62,51064.59790127353,coprostanol
PREFB26,432.6,369.3519,427.8936,-4.706400000000031,369.3526306152344,1.895475984418801,88856.54,227972.7573035503,cholesterol
PREFB26,420.0,385.3465,420.940476,0.94047599999999,385.3477478027344,3.871693033109644,125164.9,551069.1217395134,cholestenone
PREFB26,450.0,371.3583,445.276488,-4.723512000000028,371.36016845703125,4.154845059205583,40377.05,53497.23226825746,coprostanol
SM-CG7AV,432.6,369.3519,428.963136,-3.636864000000003,369.3522033691406,1.606289646301953,38761.28,186049.403389219,cholesterol
SM-CG7AV,420.0,385.3465,424.416864,4.416863999999976,385.3475646972656,3.106139809739546,179521.8,751622.4211860888,cholestenone
SM-CG7AV,450.0,371.3583,445.00875,-4.99124999999998,371.35882568359375,1.415569798128573,31171.0,52535.89471532783,coprostanol
SM-ADDEW,432.6,369.3519,436.98579,4.385789999999986,369.35260009765625,1.537435756222832,68594.68,141322.0374064292,cholesterol
SM-ADDEW,420.0,385.3465,424.951542,4.951542000000018,385.34783935546875,3.475717227892781,117232.4,364368.9100581199,cholestenone
SM-ADDEW,450.0,371.3583,445.00854,-4.991460000000018,371.3598327636719,4.291808822205859,50182.29,123068.3805070319,coprostanol
SM-ACTNE,432.6,369.3519,437.520984,4.920983999999976,369.35369873046875,6.191958722154818,76079.84,286268.0519418299,cholesterol
SM-ACTNE,420.0,385.3465,416.661594,-3.33840600000002,385.3482666015625,4.082880129176133,107880.6,361250.9094986361,cholestenone
SM-ACTNE,450.0,371.3583,445.276368,-4.723632000000009,371.3596496582031,3.908310285713244,146774.7,200232.8639377222,coprostanol
SM-AXQRH,432.6,369.3519,437.253528,4.653527999999994,369.3528137207031,2.804347332786035,29660.64,90578.0115614013,cholesterol
SM-AXQRH,420.0,385.3465,422.277522,2.277521999999976,385.34820556640625,3.660505937043154,85415.08,400296.5213256436,cholestenone
SM-AXQRH,450.0,371.3583,445.008906,-4.991093999999976,371.3592834472656,3.168705965236228,202463.8,252115.6366693328,coprostanol
SM-CE6ZH,432.6,369.3519,432.707238,0.107237999999995,369.352783203125,1.854163650402108,50466.46,202796.3670572944,cholesterol
SM-CE6ZH,420.0,385.3465,422.81235,2.812349999999981,385.3475341796875,2.710164004522683,79208.27,339383.2794142611,cholestenone
SM-CE6ZH,450.0,371.3583,445.008864,-4.991135999999983,371.3592529296875,3.387847986067283,64431.45,75771.26871138703,coprostanol
SM-CH32H,432.6,369.3519,435.648942,3.048941999999954,369.3552551269531,9.001197435289908,53134.61,185634.9440694511,cholesterol
SM-CH32H,420.0,385.3465,416.126688,-3.873311999999999,385.3480224609375,3.185334970782919,68127.28,242266.5651602764,cholestenone
SM-CH32H,450.0,371.3583,445.276326,-4.723674000000017,371.359619140625,3.990488543544024,37748.34,101238.1026066804,coprostanol
SM-APR9Q,432.6,369.3519,430.033032,-2.566968000000031,369.3528747558594,2.019412986468878,54457.04,129351.7028915892,cholesterol
SM-APR9Q,420.0,385.3465,423.614658,3.61465800000002,385.3476867675781,3.264530131826291,64958.5,260576.3698811384,cholestenone
SM-APR9Q,450.0,371.3583,445.008918,-4.991082000000006,371.35955810546875,3.223491470405724,22153.46,50305.86192414262,coprostanol
SM-787I4,432.6,369.3519,431.102406,-1.497594000000049,369.35205078125,0.325607291784486,30362.46,165798.8780061734,cholesterol
SM-787I4,420.0,385.3465,415.591524,-4.408476000000007,385.3478088378906,3.792497872066272,83296.96,226473.2828461769,cholestenone
SM-787I4,450.0,371.3583,450.0,0.0,371.3583,0.0,0.0,0.0,coprostanol
SM-9X47O,432.6,369.3519,428.963598,-3.636402000000032,369.35260009765625,1.895475984418801,30580.67,70984.52738405875,cholesterol
SM-9X47O,420.0,385.3465,418.266468,-1.733532000000025,385.3480224609375,3.449318840829152,83870.7,333449.9200016468,cholestenone
SM-9X47O,450.0,371.3583,450.0,0.0,371.3583,0.0,0.0,0.0,coprostanol
SM-7GCHC,432.6,369.3519,433.77642,1.176419999999951,369.3540344238281,5.778835381987894,24179.26,48110.60291916714,cholesterol
SM-7GCHC,420.0,385.3465,424.95129,4.951289999999972,385.34820556640625,4.426059160413253,156187.2,372123.2936386141,cholestenone
SM-7GCHC,450.0,371.3583,450.0,0.0,371.3583,0.0,0.0,0.0,coprostanol
SM-CMUKL,432.6,369.3519,427.625676,-4.974324000000024,369.3520812988281,0.490856627851256,28235.71,102606.2316071071,cholesterol
SM-CMUKL,420.0,385.3465,417.463428,-2.536571999999978,385.3479309082031,3.449318840829152,68051.89,309403.6180913387,cholestenone
SM-CMUKL,450.0,371.3583,450.0,0.0,371.3583,0.0,0.0,0.0,coprostanol
SM-A61QC,432.6,369.3519,435.380406,2.780405999999971,369.3525390625,1.73022664835203,56016.89,164466.6837655429,cholesterol
SM-A61QC,420.0,385.3465,422.276526,2.27652599999999,385.3479309082031,3.766099485002643,86343.63,304902.0487095869,cholestenone
SM-A61QC,450.0,371.3583,445.542786,-4.457214000000022,371.3599853515625,4.538343595698198,29032.08,0.0,coprostanol
SM-AAHYA,432.6,369.3519,428.42754,-4.172460000000001,369.35260009765625,1.978100652452185,31363.0,109412.3787438576,cholesterol
SM-AAHYA,420.0,385.3465,419.067534,-0.932465999999977,385.3478698730469,3.581310775999782,72087.34,367735.4079017689,cholestenone
SM-AAHYA,450.0,371.3583,450.0,0.0,371.3583,0.0,0.0,0.0,coprostanol
SM-AUNQ5,432.6,369.3519,435.380796,2.780795999999953,369.35260009765625,2.597785662702572,28971.68,145252.4828693975,cholesterol
SM-AUNQ5,420.0,385.3465,424.95117,4.951169999999991,385.3479919433594,3.449318840829152,182673.2,285895.5258372506,cholestenone
SM-AUNQ5,450.0,371.3583,450.0,0.0,371.3583,0.0,0.0,0.0,coprostanol
SM-A18YS,432.6,369.3519,437.520174,4.920173999999975,369.35260009765625,2.143349988518955,111480.0,205936.8256229164,cholesterol
SM-A18YS,420.0,385.3465,420.137418,0.137418000000025,385.3484802246094,3.396522066849408,102196.9,617893.8235165013,cholestenone
SM-A18YS,450.0,371.3583,445.00818,-4.991820000000018,371.35968017578125,3.634382759559622,86495.68,121910.6464313095,coprostanol
SM-AYMHV,432.6,369.3519,430.834752,-1.765248000000042,369.3521423339844,0.656105963918026,33004.55,158326.1345211976,cholesterol
SM-AYMHV,420.0,385.3465,419.602746,-0.397253999999975,385.3474426269531,3.634107549979526,78002.56,396231.7627304088,cholestenone
SM-AYMHV,450.0,371.3583,450.0,0.0,371.3583,0.0,0.0,0.0,coprostanol
SM-BZ5M6,432.6,369.3519,437.520906,4.920906000000002,369.3524475097656,1.482352644251876,135714.0,118560.8156192905,cholesterol
SM-BZ5M6,420.0,385.3465,424.951776,4.951775999999995,385.3473815917969,2.525375295372309,349110.3,359219.7193288472,cholestenone
SM-BZ5M6,450.0,371.3583,445.276296,-4.723703999999998,371.35931396484375,2.730421923421047,18698.09,0.0,coprostanol
SM-CNW2E,432.6,369.3519,437.51976,4.919759999999997,369.35247802734375,2.033183764423142,112825.8,126634.7786867741,cholesterol
SM-CNW2E,420.0,385.3465,424.95063,4.95062999999999,385.3478698730469,3.528514001872525,634552.1,423476.7205331194,cholestenone
SM-CNW2E,450.0,371.3583,446.077386,-3.92261400000001,371.36016845703125,5.031413142682876,17691.62,0.0,coprostanol
SM-AE3QV,432.6,369.3519,437.520588,4.920587999999953,369.353515625,3.300095340986345,86112.56,161314.8087365355,cholesterol
SM-AE3QV,420.0,385.3465,424.951458,4.951458000000002,385.3480224609375,4.082880129176133,93347.98,281905.8957315823,cholestenone
SM-AE3QV,450.0,371.3583,446.613096,-3.386904000000015,371.35931396484375,3.922006661967351,40563.34,89343.92686005509,coprostanol
PREFA27,432.6,369.3519,437.519922,4.919921999999986,369.3529357910156,2.72172266475265,379973.2,228781.6238888433,cholesterol
PREFA27,420.0,385.3465,424.950792,4.950791999999979,385.34783935546875,3.554912388936154,2957964.0,1130389.540746834,cholestenone
PREFA27,450.0,371.3583,454.902684,4.902684000000022,371.35882568359375,1.744282829451692,47222.31,11615.32123146128,coprostanol
PREFB27,432.6,369.3519,437.52015,4.920149999999978,369.3531494140625,3.492886233115543,236466.2,220894.288113264,cholesterol
PREFB27,420.0,385.3465,424.95114,4.951140000000009,385.3479309082031,3.713302711022899,1398336.0,608907.651268861,cholestenone
PREFB27,450.0,371.3583,454.903032,4.903031999999996,371.3595886230469,3.100224083659555,24685.75,0.0,coprostanol
SM-AQJXS,432.6,369.3519,430.03227,-2.56773000000004,369.3526611328125,1.014146192113994,31561.58,143334.5662996997,cholesterol
SM-AQJXS,420.0,385.3465,417.730638,-2.269362000000001,385.34844970703125,4.478855934392997,95093.27,387270.8543085267,cholestenone
SM-AQJXS,450.0,371.3583,445.543026,-4.456974000000002,371.35992431640625,4.373987080036639,13955.42,0.0,coprostanol
SM-CKJ6T,432.6,369.3519,434.31105,1.71105,369.35296630859375,2.88697200081942,32170.6,163316.9490001207,cholesterol
SM-CKJ6T,420.0,385.3465,424.683672,4.683672000000001,385.34814453125,3.554912388936154,139540.7,341232.7860410855,cholestenone
SM-CKJ6T,450.0,371.3583,454.635558,4.635558000000003,371.35980224609375,4.620521853528977,28747.46,6049.916572629085,coprostanol
SM-COSYB,432.6,369.3519,435.38115,2.781149999999968,369.3530578613281,3.093533670902882,31415.1,159859.9135456534,cholesterol
SM-COSYB,420.0,385.3465,416.928516,-3.071483999999998,385.3477783203125,3.977286581216645,86894.99,231349.9434233201,cholestenone
SM-COSYB,450.0,371.3583,445.2759,-4.724100000000021,371.3603210449219,5.442304431836774,17291.47,12518.2700873034,coprostanol
SM-AFSHZ,432.6,369.3519,437.520594,4.920593999999994,369.3528747558594,2.22597465655234,52605.27,106234.3125442861,cholesterol
SM-AFSHZ,420.0,385.3465,424.951458,4.951458000000002,385.347900390625,3.581310775999782,705262.8,408975.1661527264,cholestenone
SM-AFSHZ,450.0,371.3583,450.0,0.0,371.3583,0.0,0.0,0.0,coprostanol
SM-AN5FZ,432.6,369.3519,428.4282,-4.171800000000019,369.352783203125,2.39122399261911,39627.1,110410.5856555307,cholesterol
SM-AN5FZ,420.0,385.3465,424.951572,4.951571999999999,385.34783935546875,3.713302711022899,283103.4,319793.6212188606,cholestenone
SM-AN5FZ,450.0,371.3583,450.0,0.0,371.3583,0.0,0.0,0.0,coprostanol
SM-ARMBY,432.6,369.3519,433.509216,0.909215999999958,369.35296630859375,2.88697200081942,48876.62,184236.1339353291,cholesterol
SM-ARMBY,420.0,385.3465,419.870316,-0.129683999999997,385.3478698730469,3.792497872066272,74517.03,466071.5120806309,cholestenone
SM-ARMBY,450.0,371.3583,450.0,0.0,371.3583,0.0,0.0,0.0,coprostanol
SM-CJNBH,432.6,369.3519,437.5203,4.920299999999998,369.3529357910156,2.639097996719265,130597.7,121432.6623668851,cholesterol
SM-CJNBH,420.0,385.3465,424.95117,4.951169999999991,385.34814453125,3.396522066849408,159822.8,232610.9229694487,cholestenone
SM-CJNBH,450.0,371.3583,447.415056,-2.584944000000007,371.3597106933594,3.798739275221181,22834.36,71006.06561617932,coprostanol
SM-CTTKY,432.6,369.3519,437.52069,4.920689999999979,369.35260009765625,2.088266876547999,56686.74,104327.0004755043,cholesterol
SM-CTTKY,420.0,385.3465,422.812182,2.812182000000007,385.34796142578125,3.739701098086528,73970.38,303247.7776162894,cholestenone
SM-CTTKY,450.0,371.3583,445.276068,-4.723931999999991,371.3598327636719,4.017881296052237,98450.66,107817.9154274186,coprostanol
SM-ATVSR,432.6,369.3519,437.520372,4.920371999999986,369.35296630859375,2.473848660652495,22784.88,82232.20776938692,cholesterol
SM-ATVSR,420.0,385.3465,417.195858,-2.804142000000013,385.3480224609375,3.502115614956409,83548.14,313761.363850652,cholestenone
SM-ATVSR,450.0,371.3583,451.961496,1.961496000000011,371.3602294921875,5.195769658344435,14012.08,0.0,coprostanol
SM-AVR6W,432.6,369.3519,436.183446,3.583445999999981,369.3528137207031,2.72172266475265,47960.14,119603.1136165371,cholesterol
SM-AVR6W,420.0,385.3465,423.079434,3.079433999999992,385.3481140136719,3.68690432395927,65275.39,273092.6867188068,cholestenone
SM-AVR6W,450.0,371.3583,445.543452,-4.456547999999998,371.35968017578125,3.716561017390402,29485.29,0.0,coprostanol
SM-B5ORH,432.6,369.3519,437.520228,4.920227999999952,369.35302734375,2.55647332868588,56884.9,104034.6637987144,cholesterol
SM-B5ORH,420.0,385.3465,424.951098,4.951098000000002,385.34783935546875,3.713302711022899,384287.7,293584.5358286703,cholestenone
SM-B5ORH,450.0,371.3583,447.94986,-2.050139999999999,371.3598327636719,4.1274523065443,14481.26,26122.10737500019,coprostanol
SM-CRP6E,432.6,369.3519,434.579046,1.979045999999983,369.3528747558594,2.418765548681539,27709.08,141327.459190055,cholesterol
SM-CRP6E,420.0,385.3465,424.951668,4.951667999999984,385.3478088378906,3.37012367978578,158338.6,268321.369696242,cholestenone
SM-CRP6E,450.0,371.3583,450.0,0.0,371.3583,0.0,0.0,0.0,coprostanol
SM-BZIQP,432.6,369.3519,435.114072,2.514071999999999,369.3523864746094,2.363682436556682,29634.97,139219.4282623479,cholesterol
SM-BZIQP,420.0,385.3465,424.951824,4.951823999999988,385.34765625,3.079741422675918,85760.53,207034.9066433405,cholestenone
SM-BZIQP,450.0,371.3583,450.0,0.0,371.3583,0.0,0.0,0.0,coprostanol
SM-AFCK9,432.6,369.3519,434.579388,1.979387999999972,369.3525390625,1.441040310235183,26189.64,97261.14979441336,cholesterol
SM-AFCK9,420.0,385.3465,424.951878,4.951878000000022,385.34759521484375,3.554912388936154,74141.35,221906.1940712937,cholestenone
SM-AFCK9,450.0,371.3583,450.0,0.0,371.3583,0.0,0.0,0.0,coprostanol
SM-AKTY5,432.6,369.3519,431.370534,-1.229466000000002,369.35247802734375,1.482352644251876,26066.4,134248.564526865,cholesterol
SM-AKTY5,420.0,385.3465,416.929392,-3.070607999999993,385.3479919433594,3.950888194153016,69421.55,220063.4487340415,cholestenone
SM-AKTY5,450.0,371.3583,450.0,0.0,371.3583,0.0,0.0,0.0,coprostanol
SM-AU2MF,432.6,369.3519,434.044896,1.444895999999972,369.35174560546875,1.317103308185106,22717.84,123162.6479521324,cholesterol
SM-AU2MF,420.0,385.3465,417.999258,-2.000742000000002,385.34771728515625,3.317326905806036,70360.81,297663.6126302123,cholestenone
SM-AU2MF,450.0,371.3583,450.0,0.0,371.3583,0.0,0.0,0.0,coprostanol
SM-9OS67,432.6,369.3519,435.381606,2.781605999999954,369.3531799316406,4.04371735328681,24723.76,94493.74602186886,cholesterol
SM-9OS67,420.0,385.3465,423.347352,3.347352000000001,385.3480529785156,4.082880129176133,63057.86,239213.1986111271,cholestenone
SM-9OS67,450.0,371.3583,446.88099,-3.119010000000003,371.3600769042969,4.784878369190537,15813.6,0.0,coprostanol
SM-BZNKI,432.6,369.3519,432.172944,-0.42705600000005,369.3530578613281,3.134846004919575,25858.76,137378.5715051803,cholesterol
SM-BZNKI,420.0,385.3465,424.150068,4.150067999999976,385.3478088378906,3.475717227892781,85636.38,217533.3009572558,cholestenone
SM-BZNKI,450.0,371.3583,450.0,0.0,371.3583,0.0,0.0,0.0,coprostanol
SM-9Y49Z,432.6,369.3519,437.521416,4.921415999999965,369.35284423828125,1.895475984418801,101390.6,87744.92378258778,cholesterol
SM-9Y49Z,420.0,385.3465,422.812776,2.812775999999985,385.3480224609375,4.030083355196389,67271.51,252044.0737371738,cholestenone
SM-9Y49Z,450.0,371.3583,445.276788,-4.72321199999999,371.36041259765625,5.729928334244502,28183.07,26884.27032609413,coprostanol
SM-9XIOX,432.6,369.3519,436.985898,4.385897999999997,369.3524475097656,1.785309760322987,74623.77,144545.9500203047,cholesterol
SM-9XIOX,420.0,385.3465,424.951638,4.951638000000003,385.3478698730469,3.264530131826291,231326.3,365695.1846867093,cholestenone
SM-9XIOX,450.0,371.3583,445.811028,-4.188971999999978,371.3595886230469,3.278276975575221,80490.49,113512.3506095514,coprostanol
PREFA28,432.6,369.3519,437.52123,4.92122999999998,369.3531188964844,2.914513556881849,85092.77,129894.0774193625,cholesterol
PREFA28,420.0,385.3465,424.9521,4.952099999999973,385.3482360839844,3.660505937043154,326542.0,319857.000429535,cholestenone
PREFA28,450.0,371.3583,445.276734,-4.723266000000024,371.360595703125,5.195769658344435,62020.56,87737.09459027366,coprostanol
PREFB28,432.6,369.3519,437.521422,4.92142199999995,369.3531799316406,3.189929116890531,81864.05,82469.22482464393,cholesterol
PREFB28,420.0,385.3465,424.952286,4.952286000000015,385.3479919433594,3.607709162915898,141998.5,324171.0903016878,cholestenone
PREFB28,450.0,371.3583,445.009416,-4.990584000000013,371.36041259765625,4.497254466782809,34591.08,27675.64036367065,coprostanol
SM-AWJJY,432.6,369.3519,428.428998,-4.171002000000044,369.35235595703125,1.151853972118336,28184.01,93152.23631610734,cholesterol
SM-AWJJY,420.0,385.3465,419.871246,-0.128754000000015,385.3478698730469,3.634107549979526,70144.21,399338.4293306186,cholestenone
SM-AWJJY,450.0,371.3583,445.27701,-4.722989999999982,371.3594970703125,3.223491470405724,17030.62,0.0,coprostanol
SM-BZNLC,432.6,369.3519,430.835496,-1.764504000000045,369.3526916503906,2.019412986468878,46161.02,104635.7513031681,cholesterol
SM-BZNLC,420.0,385.3465,424.951998,4.951998000000003,385.347900390625,3.68690432395927,211635.8,240563.0186248118,cholestenone
SM-BZNLC,450.0,371.3583,450.0,0.0,371.3583,0.0,0.0,0.0,coprostanol
SM-AGUMC,432.6,369.3519,428.161374,-4.438625999999999,369.3528747558594,2.349911658602418,28851.96,101016.7858538485,cholesterol
SM-AGUMC,420.0,385.3465,423.882498,3.882497999999998,385.3479919433594,3.290928518742407,68437.76,236921.0902012737,cholestenone
SM-AGUMC,450.0,371.3583,450.0,0.0,371.3583,0.0,0.0,0.0,coprostanol
SM-9OS8K,432.6,369.3519,437.52147,4.921469999999999,369.35296630859375,3.189929116890531,190015.2,200382.4620978131,cholesterol
SM-9OS8K,420.0,385.3465,424.952334,4.952334000000008,385.3480224609375,3.845294646046016,2540392.0,996981.1514462496,cholestenone
SM-9OS8K,450.0,371.3583,445.276854,-4.723145999999986,371.3592834472656,3.963095790882741,26380.99,46483.50397484729,coprostanol
SM-A2HYY,432.6,369.3519,428.42877,-4.171230000000037,369.3532409667969,3.630594013119885,26552.41,82450.1648215371,cholesterol
SM-A2HYY,420.0,385.3465,423.61515,3.615150000000028,385.3479309082031,4.505254321456625,74523.72,306588.6471203145,cholestenone
SM-A2HYY,450.0,371.3583,450.0,0.0,371.3583,0.0,0.0,0.0,coprostanol
SM-A9F75,432.6,369.3519,430.834974,-1.765026000000034,369.3528137207031,2.473848660652495,74520.5,157809.0730906628,cholesterol
SM-A9F75,420.0,385.3465,424.951578,4.951577999999984,385.3478698730469,3.15893658371929,85516.98,225802.649957007,cholestenone
SM-A9F75,450.0,371.3583,445.008714,-4.991286000000002,371.3594055175781,2.976956696913385,37683.17,0.0,coprostanol
SM-AKTZI,432.6,369.3519,437.521026,4.921025999999984,369.3528747558594,2.336140880648153,60106.5,92062.93855748166,cholesterol
SM-AKTZI,420.0,385.3465,423.347268,3.347267999999986,385.3482360839844,4.478855934392997,77423.44,303337.3547894811,cholestenone
SM-AKTZI,450.0,371.3583,445.009032,-4.990968000000009,371.3595886230469,3.387847986067283,123266.0,90724.23775159672,coprostanol
SM-6XSLI,432.6,369.3519,437.520438,4.92043799999999,369.35247802734375,2.005642208514614,97863.93,114697.177289631,cholesterol
SM-6XSLI,420.0,385.3465,420.672438,0.672438,385.34783935546875,3.8188962591299,74827.92,408907.1341468643,cholestenone
SM-6XSLI,450.0,371.3583,445.275822,-4.724177999999995,371.3596496582031,3.634382759559622,27375.24,0.0,coprostanol
PREFA29,432.6,369.3519,437.520414,4.920413999999994,369.3528747558594,3.024679780823762,107872.3,142277.4165472227,cholesterol
PREFA29,420.0,385.3465,424.951284,4.951283999999987,385.3473815917969,2.63096884347931,114548.2,301566.9728850589,cholestenone
PREFA29,450.0,371.3583,448.484922,-1.515078000000017,371.35968017578125,3.716561017390402,32896.71,27502.08042823744,coprostanol
PREFB29,432.6,369.3519,437.252814,4.652813999999978,369.3530578613281,3.355178452957301,97484.97,184132.7434995655,cholesterol
PREFB29,420.0,385.3465,424.951164,4.951164000000006,385.34765625,3.238131744762663,240397.1,349402.6485642839,cholestenone
PREFB29,450.0,371.3583,445.0083,-4.99169999999998,371.3601379394531,4.100059553883017,46984.76,80366.55054769837,coprostanol
SM-6ZKY3,432.6,369.3519,432.171498,-0.428502000000037,369.3523254394531,1.151853972118336,58009.52,353868.9977013748,cholesterol
SM-6ZKY3,420.0,385.3465,424.683492,4.683492000000001,385.34844970703125,4.069680935718075,97444.33,262713.6413404709,cholestenone
SM-6ZKY3,450.0,371.3583,445.008,-4.992000000000019,371.361328125,6.592800041467688,263152.9,179777.1166722682,coprostanol
SM-9RYI7,432.6,369.3519,431.10858,-1.491420000000005,369.35308837890625,3.21747067295296,37904.97,188736.9970665051,cholesterol
SM-9RYI7,420.0,385.3465,423.62058,3.620580000000018,385.3453674316406,-2.939090816620404,118996.8,400237.647446955,cholestenone
SM-9RYI7,450.0,371.3583,450.0,0.0,371.3583,0.0,0.0,0.0,coprostanol
SM-A375P,432.6,369.3519,434.57829,1.978289999999959,369.3528137207031,2.473848660652495,25612.33,35998.66275062677,cholesterol
SM-A375P,420.0,385.3465,423.078918,3.078917999999987,385.3495788574219,7.989841407365022,98794.96,237487.6413283805,cholestenone
SM-A375P,450.0,371.3583,445.542798,-4.457201999999995,371.3600158691406,5.004020390021592,149836.8,183978.2889393852,coprostanol
